itp_id,espece,famille,nom_latin,type_planche,semaine_semis,semaine_plantation,semaine_implantation_debut,semaine_implantation_fin,semaine_recolte,semaine_recolte_fin,duree_recolte,duree_pepiniere,duree_culture,nb_rangs,espacement_cm,esp_rangs_cm,dose_semis,implantation,forcage,zone_climat,contexte_climatique,statut_validation,actif,source_reference,source_url,source_record_id,source_version,source_licence,derniere_revision,commentaire_agronome,notes
Acérola (cerise des Antilles) — equatorial,Acérola (cerise des Antilles),Malpighiaceae,Malpighia emarginata,,,15,,,24,,16,,365,,300,,,,,equatorial,,a_revoir,t,,,,,,,"","Plaine littorale de Guyane, chaleur et humidité constantes. Plantation de boutures en début des pluies (avril, ~sem. 15). Plusieurs flushs de fructification par an ; pic principal après les fortes pluies (juin-sept.), dé"
Ail-automne,Ail,Alliaceae,Allium sativum,Plein champ,,46,,,26,,4,,224,2,12,30,,Plantation,,,,a_revoir,t,Le Jardinier-Maraîcher (J.-M. Fortier),,,,,2026-05-15 14:20:20.025,"Plantation des caieux à l'automne, vernalisation hivernale, récolte juin-juillet (S25-S28). \\n Corrigé 2026-05-14 (audit Marc) : récolte était S2 (janvier), aberrant. Source ITAB : ail planté oct → récolte juin/juillet.","Adapté climat France \\n Source: ITAB, Standard Climat France (Valable 2026)"
Ail-printemps,Ail,Alliaceae,Allium sativum,Plein champ,,14,,,30,,4,,112,2,12,30,,Plantation,,,,a_revoir,t,Le Jardinier-Maraîcher (J.-M. Fortier),,,,,2026-05-15 14:20:20.025,"Plantation printanière des caieux, récolte mi-juillet à fin août (S28-S32).","Adapté climat France \\n Source: ITAB, Standard Climat France (Valable 2026)"
Ananas — antilles,Ananas,Bromeliaceae,Ananas comosus,,,24,,,26,,8,,600,,40,,,,,tropical_antilles,,a_revoir,t,,,,,,,"","Plantation des rejets en début d'hivernage (juin, sem. 24) pour profiter des pluies d'installation ; enracinement facile sans arrosage lourd. Floraison naturelle pendant le carême frais (déc.-janv.), récolte l'année suiv"
Ananas — austral,Ananas,Bromeliaceae,Ananas comosus,,,42,,,49,,6,,510,,35,,,,,tropical_austral,,a_revoir,t,,,,,,,"","Plantation des rejets en début de saison chaude et humide (octobre, S42) pour un enracinement avant les pluies d'été. Récolte principale de l'ananas Victoria groupée en été austral (novembre-janvier, pic S49) 15 à 18 moi"
Ananas — equatorial,Ananas,Bromeliaceae,Ananas comosus,,,16,,,32,,6,,500,,35,,,,,equatorial,,a_revoir,t,,,,,,,"","Guyane, plaine littorale (0-50 m), sols ferralitiques acides bien drainés, pluvio 2500-3500 mm/an. Plantation des rejets en début de grande saison des pluies (avril, ~sem. 16) pour un bon enracinement. La floraison natur"
Aneth,Aneth,Apiaceae,Anethum graveolens,Plein champ,15,,,,27,,4,,84,3,18,27,,Plein champ,,,,a_revoir,t,ITAB Guides Légumes Bio (T1+T2) ; semencemag.fr (SNHF) ; Semailles densités semis,,,,,2026-05-15 14:00:05.379,"Aromatique semis direct ou godet. Sol drainé, exposition ensoleillée. Récolte échelonnée des feuilles fraîches.","Adapté climat France \\n Source: ITAB, Standard Climat France (Valable 2026)"
Arbre à pain — antilles,Arbre à pain,Moraceae,Artocarpus altilis,,,25,,,28,,16,,1460,,1100,,,,,tropical_antilles,,a_revoir,t,,,,,,,"","Grand arbre à réserver aux grandes parcelles. Récolte principale en hivernage (juillet-octobre, S28-42) + fructification secondaire en carême. Strictement tropical, gélif. Plantation début hivernage."
Arbre à pain — austral,Arbre à pain,Moraceae,Artocarpus altilis,,,46,,,48,,20,,1460,,900,,,,,tropical_austral,,a_revoir,t,,,,,,,"","Saison principale en plein été austral (nov.-avril) avec une seconde production plus faible. Espèce pilier des jardins polynésiens et wallisiens ; plantation par drageons au début des pluies, sols profonds et humides."
Arbre à pain — equatorial,Arbre à pain,Moraceae,Artocarpus altilis,,,15,,,6,,16,,1460,,1000,,,,,equatorial,,a_revoir,t,,,,,,,"","Multiplication par rejets racinaires (cultivars sans graines). Grand arbre : prévoir 10 m. Récolte principale en début d'année (fév-mai), seconde vague plus faible en cours d'année. Fruit consommé cuit (féculent). Très p"
Aubergine — antilles,Aubergine,Solanaceae,Solanum melongena,,6,,,,20,,12,,100,,60,,,,,tropical_antilles,,a_revoir,t,,,,,,,"","Semis en pépinière en carême, repiquage à l'entrée des pluies pour une production étalée sur l'hivernage. Culture gourmande en azote et en eau ; forte pression des ravageurs (doryphore tropical, acariens, mouches) à surv"
Aubergine-plein-champ,Aubergine,Solanaceae,Solanum melongena,,6,21,,,32,,12,91,77,1,63,94,,Plein champ,,,,a_revoir,t,ITAB Guides Légumes Bio (T1+T2) ; semencemag.fr (SNHF) ; Semailles densités semis,,,,,2026-05-15 14:20:20.025, \\n [2026-05-14] Aubergine : espacement arrondi 63 → 60 cm.,"Adapté climat France \\n Source: ITAB, Standard Climat France (Valable 2026)"
Aubergine-serre,Aubergine,Solanaceae,Solanum melongena,Sous abri,5,14,,,24,,18,60,130,1,63,94,,Sous abri,,,,a_revoir,t,ITAB Guides Légumes Bio (T1+T2) ; semencemag.fr (SNHF) ; Semailles densités semis,,,,,2026-05-15 14:20:20.025, \\n [2026-05-14] Aubergine : espacement arrondi 63 → 60 cm.,"Adapté climat France \\n Source: ITAB, Standard Climat France (Valable 2026)"
Avocatier — antilles,Avocatier,Lauraceae,Persea americana,,,25,,,26,,16,,1095,,700,,,,,tropical_antilles,,a_revoir,t,,,,,,,"","Privilégier la race antillaise (tolérante à la chaleur et à l'humidité) plutôt que mexicaine. Récolte juin-octobre (S26-42), en hivernage. Plantation début hivernage. Craint l'asphyxie racinaire : sol drainant."
Avocatier — austral,Avocatier,Lauraceae,Persea americana,,,46,,,16,,20,,1460,,700,,,,,tropical_austral,,a_revoir,t,,,,,,,"","À la Réunion, la récolte s'étale sur l'hiver austral (avril à septembre) selon les variétés, ce qui approvisionne le marché à contre-saison de l'hémisphère nord. Plantation en début de pluies sur sol drainant, à l'abri d"
Avocatier — equatorial,Avocatier,Lauraceae,Persea americana,,,15,,,28,,18,,1095,,800,,,,,equatorial,,a_revoir,t,,,,,,,"","Utiliser impérativement des variétés de race antillaise (ex. 'Pollock', 'Simmonds'), tolérantes à la chaleur et à l'humidité ; les races mexicaines/guatémaltèques supportent mal le climat équatorial. Récolte principale j"
Bananier — equatorial,Bananier,Musaceae,Musa acuminata (AAA),,,14,,,8,,40,,330,,280,,,,,equatorial,,a_revoir,t,,,,,,,"","Plantation possible quasi toute l'année ; caler l'installation du rejet sur l'entrée des pluies (avril) pour l'enracinement. Après établissement, régimes échelonnés toute l'année. Forte exigence en azote et potasse ; pai"
Bananier plantain — antilles,Bananier plantain,Musaceae,Musa spp.,,,24,,,28,,52,,390,,250,,,,,tropical_antilles,,a_revoir,t,,,,,,,"",Culture phare Guadeloupe/Martinique. Plantation idéale début hivernage (S24) pour couvrir la phase végétative gourmande en eau. Production continue toute l'année une fois la bananeraie installée ; rendement indiqué par r
Bananier plantain — austral,Bananier plantain,Musaceae,Musa spp.,,,44,,,40,,52,,330,,250,,,,,tropical_austral,,a_revoir,t,,,,,,,"",Production quasi continue à l'échelle de la bananeraie : la semaine de récolte indiquée est théorique (10-12 mois après plantation). Plantation idéale en début de saison des pluies pour couvrir la phase de croissance. Fo
Bananier plantain — equatorial,Bananier plantain,Musaceae,Musa spp.,,,14,,,20,,40,,390,,300,,,,,equatorial,,a_revoir,t,,,,,,,"","Installer les rejets à l'entrée des pluies (sem.14). Écartement plus large que le bananier dessert (pseudo-troncs plus hauts). Récolte du régime au stade 'grain plein' avant maturité. Cultivars locaux robustes ('Corne', "
Basilic-plein-champ,Basilic,Lamiaceae,Ocimum basilicum,,14,21,,,26,,4,,35,2,20,30,,Plein champ,,,,a_revoir,t,Le Jardinier-Maraîcher (J.-M. Fortier),,,,,2026-05-15 14:20:20.025,"Basilic : semis pépinière mars, plantation mi-mai après derniers gels, récolte juin à octobre (jusqu'aux premières gelées).","Adapté climat France \\n Source: ITAB, Standard Climat France (Valable 2026)"
Basilic-serre,Basilic,Lamiaceae,Ocimum basilicum,Sous abri,10,16,,,22,,4,56,42,2,20,30,,Sous abri,,,,a_revoir,t,Le Jardinier-Maraîcher (J.-M. Fortier),,,,,2026-05-15 14:20:20.025,"Basilic : semis pépinière mars, plantation mi-mai après derniers gels, récolte juin à octobre (jusqu'aux premières gelées).","Adapté climat France \\n Source: ITAB, Standard Climat France (Valable 2026)"
Betterave-automne,Betterave,Amaranthaceae,Beta vulgaris,Sous abri,33,,,,45,,4,,84,2,20,30,5,Plein champ,,,,a_revoir,t,ITAB Guides Légumes Bio (T1+T2) ; semencemag.fr (SNHF) ; Semailles densités semis,,,,,2026-05-15 14:00:05.379,"Semis direct, racine pivot — ne pas repiquer. Éclaircir à 5-8 cm. Récolte 60-80 jours selon variété.","Adapté climat France \\n Source: ITAB, Standard Climat France (Valable 2026)"
Betterave-printemps,Betterave,Amaranthaceae,Beta vulgaris,Plein champ,10,,,,22,,4,,84,2,20,30,5,Plein champ,,,,a_revoir,t,ITAB Guides Légumes Bio (T1+T2) ; semencemag.fr (SNHF) ; Semailles densités semis,,,,,2026-05-15 14:00:05.379,"Semis direct, racine pivot — ne pas repiquer. Éclaircir à 5-8 cm. Récolte 60-80 jours selon variété.","Adapté climat France \\n Source: ITAB, Standard Climat France (Valable 2026)"
Blette-ete,Blette,Amaranthaceae,Beta vulgaris var. cicla,Plein champ,23,,,,35,,4,,84,2,35,52,3,Plein champ,,,,a_revoir,t,ITAB Guides Légumes Bio (T1+T2) ; semencemag.fr (SNHF) ; Semailles densités semis,,,,,2026-05-15 14:00:05.379,"Semis direct, racine pivot — ne pas repiquer. Éclaircir à 5-8 cm. Récolte 60-80 jours selon variété.","Adapté climat France \\n Source: ITAB, Standard Climat France (Valable 2026)"
Blette-printemps,Blette,Amaranthaceae,Beta vulgaris var. cicla,Plein champ,14,,,,26,,4,,84,2,35,52,3,Plein champ,,,,a_revoir,t,ITAB Guides Légumes Bio (T1+T2) ; semencemag.fr (SNHF) ; Semailles densités semis,,,,,2026-05-15 14:00:05.379,"Semis direct, racine pivot — ne pas repiquer. Éclaircir à 5-8 cm. Récolte 60-80 jours selon variété.","Adapté climat France \\n Source: ITAB, Standard Climat France (Valable 2026)"
Bourrache,Bourrache,Boraginaceae,Borago officinalis,,10,,,,22,,4,,84,1,44,66,,Plein champ,,,,a_revoir,t,ITAB Guides Légumes Bio (T1+T2) ; semencemag.fr (SNHF) ; Semailles densités semis,,,,,2026-05-15 14:00:05.379,"Fleur compagne — semis direct ou godet selon espèce. Attire les pollinisateurs, fait office de plante-piège pour les pucerons.","Adapté climat France \\n Source: ITAB, Standard Climat France (Valable 2026)"
Brède mafane — austral,Brède mafane,Asteraceae,Acmella oleracea,,38,42,,,48,,4,,60,,25,,,,,tropical_austral,,a_revoir,t,,,,,,,"",Semis quasi toute l'année en zone chaude ; croissance plus vigoureuse à la saison chaude. Récolte rapide des feuilles et capitules. Aime les sols frais et riches en matière organique ; arroser régulièrement en saison sèc
Brède mafane — equatorial,Brède mafane,Asteraceae,Acmella oleracea,,10,14,,,20,,8,,55,,30,,,,,equatorial,,a_revoir,t,,,,,,,"",Semis/repiquage en saison humide (mars-avril) sur sol frais et riche en matière organique ; besoins en eau réguliers. Cultivable toute l'année si arrosage. Récolte échelonnée des jeunes feuilles et capitules.
Brède morelle — austral,Brède morelle,Solanaceae,Solanum americanum,,42,,,,50,,6,,50,,30,,,,,tropical_austral,,a_revoir,t,,,,,,,"",Semis échelonnés possibles quasi toute l'année ; démarrage plus rapide en saison chaude. Récolte des feuilles avant montaison ; ne consommer que les feuilles cuites (baies vertes toxiques). Se ressème seule facilement da
Capucine,Capucine,Tropaeolaceae,Tropaeolum majus,,16,,,,28,,4,,84,2,30,45,,Plein champ,,,,a_revoir,t,ITAB Guides Légumes Bio (T1+T2) ; semencemag.fr (SNHF) ; Semailles densités semis,,,,,2026-05-15 14:00:05.379,"Fleur compagne — semis direct ou godet selon espèce. Attire les pollinisateurs, fait office de plante-piège pour les pucerons.","Adapté climat France \\n Source: ITAB, Standard Climat France (Valable 2026)"
Carambole — antilles,Carambole,Oxalidaceae,Averrhoa carambola,,,25,,,30,,24,,1095,,600,,,,,tropical_antilles,,a_revoir,t,,,,,,,"","Tropical, plusieurs cycles par an ; récolte étalée avec pics en hivernage. Fruits fragiles à récolter à maturité. Plantation début hivernage. Aime l'humidité régulière."
Carambole — austral,Carambole,Oxalidaceae,Averrhoa carambola,,,46,,,6,,20,,900,,500,,,,,tropical_austral,,a_revoir,t,,,,,,,"","Grâce à ses floraisons successives, la carambole produit sur une large fenêtre, avec un pic en fin d'été / automne austral (fév.-mai). À installer à l'abri du vent, en zone chaude et humide."
Carambole — equatorial,Carambole,Oxalidaceae,Averrhoa carambola,,,15,,,18,,30,,1095,,550,,,,,equatorial,,a_revoir,t,,,,,,,"",Plusieurs flushes de floraison par an ; récolte étalée avec pics. Arbre très fertile une fois adulte (jusqu'à 100 kg). Préférer variétés douces greffées. Fruits fragiles à récolter à maturité. Bien tolérant à l'humidité
Carotte-automne-conservation-serre,Carotte,Apiaceae,Daucus carota,Sous abri,32,,,,2,,4,,98,3,10,15,3,Plein champ,,,,a_revoir,t,MSV (Maraîchage sur Sol Vivant),,,,,2026-05-15 14:20:20.025,"Carotte d'automne sous tunnel : semis août, récolte octobre-novembre.","Adapté climat France \\n Source: ITAB, Standard Climat France (Valable 2026)"
Carotte-ete-conservation-plein-champ,Carotte,Apiaceae,Daucus carota,Plein champ,24,,,,40,,4,,112,3,10,15,3,Plein champ,,,,a_revoir,t,Le Jardinier-Maraîcher (J.-M. Fortier),,,,,2026-05-15 14:20:20.025,"Carotte de conservation : semis fin juin (S24), récolte octobre (S40), conservation hivernale.","Adapté climat France \\n Source: ITAB, Standard Climat France (Valable 2026)"
Carotte-printemps-plein-champ,Carotte,Apiaceae,Daucus carota,Plein champ,12,,,,28,,4,,98,3,10,15,3,Plein champ,,,,a_revoir,t,Le Jardinier-Maraîcher (J.-M. Fortier),,,,,2026-05-15 14:20:20.025,"Carotte de printemps en pleine terre : semis mars-avril, récolte juin-juillet.","Adapté climat France \\n Source: ITAB, Standard Climat France (Valable 2026)"
Carotte-printemps-serre,Carotte,Apiaceae,Daucus carota,Sous abri,5,,,,19,,4,,98,3,10,15,3,Plein champ,,,,a_revoir,t,MSV (Maraîchage sur Sol Vivant),,,,,2026-05-15 14:20:20.025,"Carotte précoce sous tunnel/serre : semis février, récolte mai (S19).","Adapté climat France \\n Source: ITAB, Standard Climat France (Valable 2026)"
Chicoree-frisee-printemps,Chicorée frisée,Asteraceae,Cichorium endivia,Plein champ,16,,,,28,,4,,84,2,30,45,,Plein champ,,,,a_revoir,t,ITAB Guides Légumes Bio (T1+T2) ; semencemag.fr (SNHF) ; Semailles densités semis,,,,,2026-05-15 14:00:05.379,"Plant à godet 3 semaines puis transplantation. Récolte échelonnée, sol drainé, exposition mi-ombre acceptée.","Adapté climat France \\n Source: ITAB, Standard Climat France (Valable 2026)"
Chicoree-sauvage-ete,Chicorée sauvage,Asteraceae,Cichorium intybus,Plein champ,22,,,,34,,4,,84,2,30,45,,Plein champ,,,,a_revoir,t,ITAB Guides Légumes Bio (T1+T2) ; semencemag.fr (SNHF) ; Semailles densités semis,,,,,2026-05-15 14:00:05.379,"Plant à godet 3 semaines puis transplantation. Récolte échelonnée, sol drainé, exposition mi-ombre acceptée.","Adapté climat France \\n Source: ITAB, Standard Climat France (Valable 2026)"
Chou-ete,Chou,Brassicaceae,Brassica oleracea,Plein champ,14,18,,,26,,4,,84,1,50,75,,Pépinière,,,,a_revoir,t,ITAB Guides Légumes Bio (T1+T2) ; semencemag.fr (SNHF) ; Semailles densités semis,,,,,2026-05-15 14:00:05.379,Plant repiqué après les dernières gelées. Famille des Brassicacées — éviter retour sous 4 ans (hernie du chou).,"Adapté climat France \\n Source: ITAB, Standard Climat France (Valable 2026)"
Chou-brocoli-ete,Chou brocoli,Brassicaceae,Brassica oleracea var. italica,Plein champ,14,18,,,26,,6,28,84,1,50,75,,Pépinière,,,,a_revoir,t,ITAB - Fiches techniques crucifères,,,,,2026-05-15 14:20:20.025,"Cycle 90-120 jours. Semis avril, plantation mai, récolte fin juin à fin juillet.","Adapté climat France \\n Source: ITAB, Standard Climat France (Valable 2026)"
Chou-bruxelles-ete,Chou de Bruxelles,Brassicaceae,Brassica oleracea var. gemmifera,Plein champ,16,22,,,44,,16,42,84,1,57,85,,Pépinière,,,,a_revoir,t,ITAB - Fiches techniques crucifères,,,,,2026-05-15 14:20:20.025,"Semis avril-mai en pépinière, plantation mai-juin, récolte novembre-février (S44 -> S08 année suivante).","Adapté climat France \\n Source: ITAB, Standard Climat France (Valable 2026)"
Chou-chinois-ete,Chou de Chine,Brassicaceae,Brassica rapa subsp. pekinensis,Plein champ,23,27,,,35,,4,,84,1,50,75,,Pépinière,,,,a_revoir,t,ITAB Guides Légumes Bio (T1+T2) ; semencemag.fr (SNHF) ; Semailles densités semis,,,,,2026-05-15 14:00:05.379,Plant repiqué après les dernières gelées. Famille des Brassicacées — éviter retour sous 4 ans (hernie du chou).,"Adapté climat France \\n Source: ITAB, Standard Climat France (Valable 2026)"
Chou-frise-ete,Chou frisé,Brassicaceae,Brassica oleracea var. acephala,Plein champ,14,18,,,26,,4,,84,1,50,75,,Pépinière,,,,a_revoir,t,ITAB Guides Légumes Bio (T1+T2) ; semencemag.fr (SNHF) ; Semailles densités semis,,,,,2026-05-15 14:00:05.379,Plant repiqué après les dernières gelées. Famille des Brassicacées — éviter retour sous 4 ans (hernie du chou).,"Adapté climat France \\n Source: ITAB, Standard Climat France (Valable 2026)"
Chou-kale-ete,Chou kale,Brassicaceae,Brassica oleracea var. acephala,,16,20,,,28,,4,,84,1,50,75,,Pépinière,,,,a_revoir,t,ITAB Guides Légumes Bio (T1+T2) ; semencemag.fr (SNHF) ; Semailles densités semis,,,,,2026-05-15 14:00:05.379,Plant repiqué après les dernières gelées. Famille des Brassicacées — éviter retour sous 4 ans (hernie du chou).,"Adapté climat France \\n Source: ITAB, Standard Climat France (Valable 2026)"
Chou-pomme-automne,Chou pommé,Brassicaceae,Brassica oleracea var. capitata,,33,37,,,45,,4,,84,1,50,75,,Pépinière,,,,a_revoir,t,ITAB Guides Légumes Bio (T1+T2) ; semencemag.fr (SNHF) ; Semailles densités semis,,,,,2026-05-15 14:00:05.379,Plant repiqué après les dernières gelées. Famille des Brassicacées — éviter retour sous 4 ans (hernie du chou).,"Adapté climat France \\n Source: ITAB, Standard Climat France (Valable 2026)"
Chou-pomme-ete,Chou pommé,Brassicaceae,Brassica oleracea var. capitata,,20,24,,,32,,4,,84,1,50,75,,Pépinière,,,,a_revoir,t,ITAB Guides Légumes Bio (T1+T2) ; semencemag.fr (SNHF) ; Semailles densités semis,,,,,2026-05-15 14:00:05.379,Plant repiqué après les dernières gelées. Famille des Brassicacées — éviter retour sous 4 ans (hernie du chou).,"Adapté climat France \\n Source: ITAB, Standard Climat France (Valable 2026)"
Chou-pomme-printemps,Chou pommé,Brassicaceae,Brassica oleracea var. capitata,,7,11,,,19,,4,,84,1,50,75,,Pépinière,,,,a_revoir,t,ITAB Guides Légumes Bio (T1+T2) ; semencemag.fr (SNHF) ; Semailles densités semis,,,,,2026-05-15 14:20:20.025, \\n [2026-05-14] Chou pommé printemps : récolte S19→S23 (12 sem au lieu de 8).,"Adapté climat France \\n Source: ITAB, Standard Climat France (Valable 2026)"
Chou-fleur-ete,Chou-fleur,Brassicaceae,Brassica oleracea var. botrytis,Plein champ,16,20,,,28,,4,,84,1,50,75,,Pépinière,,,,a_revoir,t,ITAB Guides Légumes Bio (T1+T2) ; semencemag.fr (SNHF) ; Semailles densités semis,,,,,2026-05-15 14:00:05.379,Plant repiqué après les dernières gelées. Famille des Brassicacées — éviter retour sous 4 ans (hernie du chou).,"Adapté climat France \\n Source: ITAB, Standard Climat France (Valable 2026)"
Chou-fleur-printemps,Chou-fleur,Brassicaceae,Brassica oleracea var. botrytis,Plein champ,5,9,,,17,,4,,84,1,50,75,,Pépinière,,,,a_revoir,t,ITAB Guides Légumes Bio (T1+T2) ; semencemag.fr (SNHF) ; Semailles densités semis,,,,,2026-05-15 14:00:05.379,Plant repiqué après les dernières gelées. Famille des Brassicacées — éviter retour sous 4 ans (hernie du chou).,"Adapté climat France \\n Source: ITAB, Standard Climat France (Valable 2026)"
Chou-rave-hiver-serre,Chou-rave,Brassicaceae,Brassica oleracea var. gongylodes,Sous abri,49,1,,,9,,4,4,84,1,50,75,,Sous abri,,,,a_revoir,t,ITAB Guides Légumes Bio (T1+T2) ; semencemag.fr (SNHF) ; Semailles densités semis,,,,,2026-05-15 14:00:05.379,Plant repiqué après les dernières gelées. Famille des Brassicacées — éviter retour sous 4 ans (hernie du chou).,"Adapté climat France \\n Source: ITAB, Standard Climat France (Valable 2026)"
Chou-rave-printemps,Chou-rave,Brassicaceae,Brassica oleracea var. gongylodes,Plein champ,10,14,,,22,,4,,84,1,50,75,,Plein champ,,,,a_revoir,t,ITAB Guides Légumes Bio (T1+T2) ; semencemag.fr (SNHF) ; Semailles densités semis,,,,,2026-05-15 14:00:05.379,Plant repiqué après les dernières gelées. Famille des Brassicacées — éviter retour sous 4 ans (hernie du chou).,"Adapté climat France \\n Source: ITAB, Standard Climat France (Valable 2026)"
Chenopode,Chénopode,Amaranthaceae,,,14,,,,26,,4,,84,2,30,45,3,Plein champ,,,,a_revoir,t,ITAB Guides Légumes Bio (T1+T2) ; semencemag.fr (SNHF) ; Semailles densités semis,,,,,2026-05-15 14:00:05.379,Engrais vert / couvre-sol — semis direct à la volée puis enfouissement avant montée à graines. Améliore la structure du sol.,"Adapté climat France \\n Source: ITAB, Standard Climat France (Valable 2026)"
Cive — antilles,Cive,Alliaceae,Allium fistulosum,,,4,,,13,,12,,75,,20,,,,,tropical_antilles,,a_revoir,t,,,,,,,"",Installation possible toute l'année ; le créneau de carême (sous irrigation) réduit la pression des maladies foliaires liées à l'humidité. Diviser les touffes régulièrement pour relancer la production.
Cive — austral,Cive,Alliaceae,Allium fistulosum,,,20,,,32,,20,,80,,20,,,,,tropical_austral,,a_revoir,t,,,,,,,"","Division/plantation de préférence en début d'hiver austral (mai-juin), saison plus fraîche qui limite la montaison et les maladies. Récolte continue en coupant les feuilles, la souche repartant. Bien drainer : pourrit en"
Cive — equatorial,Cive,Alliaceae,Allium fistulosum,,,44,,,4,,20,,80,,15,,,,,equatorial,,a_revoir,t,,,,,,,"",Plantation d'éclats au retour des pluies (novembre) sur sol bien drainé et riche ; coupes régulières ensuite. Ne forme pas de bulbe en zone équatoriale (photopériode insuffisante) : cultivée pour son feuillage aromatique
Cocotier — antilles,Cocotier,Arecaceae,Cocos nucifera,,,25,,,1,,52,,1825,,800,,,,,tropical_antilles,,a_revoir,t,,,,,,,"","Palmier littoral tolérant au sel et au vent, production continue (récolte étalée sur 52 semaines). Rendement en noix (~60-80 noix/an) exprimé en kg. Privilégier variétés naines pour l'eau de coco. Plantation début hivern"
Cocotier — austral,Cocotier,Arecaceae,Cocos nucifera,,,46,,,44,,52,,2555,,800,,,,,tropical_austral,,a_revoir,t,,,,,,,"","Production continue toute l'année une fois adulte (la semaine de récolte est indicative). Espèce littorale par excellence de Polynésie, Wallis et Mayotte, tolérante au sel et au vent. Mise en place de la noix germée en d"
Combava — austral,Combava,Rutaceae,Citrus hystrix,,,46,,,10,,16,,900,,400,,,,,tropical_austral,,a_revoir,t,,,,,,,"","Fruits surtout en fin d'été / automne austral (mars-juin), feuilles cueillies toute l'année. Agrume rustique de basse et moyenne altitude, incontournable à la Réunion et présent à Mayotte et N.-Calédonie."
Combava — equatorial,Combava,Rutaceae,Citrus hystrix,,,15,,,40,,20,,1095,,350,,,,,equatorial,,a_revoir,t,,,,,,,"","Cultivé surtout pour ses feuilles bi-lobées et le zeste bosselé, bases de la cuisine créole et asiatique. Feuilles récoltées toute l'année ; fruits en fin d'année. Se conduit en arbuste taillé. Bien adapté à l'humidité, "
Concombre-ete-serre,Concombre,Cucurbitaceae,Cucumis sativus,Sous abri,14,18,,,26,,4,28,84,1,70,105,,Sous abri,,,,a_revoir,t,ITAB Guides Légumes Bio (T1+T2) ; semencemag.fr (SNHF) ; Semailles densités semis,,,,,2026-05-15 14:00:05.379,"Semis sous abri 6-8 semaines avant plantation. Sol > 18 °C, paillage chaud (BRF, plastique noir). Sensible au mildiou.","Adapté climat France \\n Source: ITAB, Standard Climat France (Valable 2026)"
Concombre-printemps-serre,Concombre,Cucurbitaceae,Cucumis sativus,Sous abri,10,14,,,22,,4,28,84,1,70,105,,Sous abri,,,,a_revoir,t,ITAB Guides Légumes Bio (T1+T2) ; semencemag.fr (SNHF) ; Semailles densités semis,,,,,2026-05-15 14:00:05.379,"Semis sous abri 6-8 semaines avant plantation. Sol > 18 °C, paillage chaud (BRF, plastique noir). Sensible au mildiou.","Adapté climat France \\n Source: ITAB, Standard Climat France (Valable 2026)"
Coriandre,Coriandre,Apiaceae,Coriandrum sativum,Plein champ,6,,,,18,,4,,84,3,15,22,,Plein champ,,,,a_revoir,t,ITAB Guides Légumes Bio (T1+T2) ; semencemag.fr (SNHF) ; Semailles densités semis,,,,,2026-05-15 14:00:05.379,"Aromatique semis direct ou godet. Sol drainé, exposition ensoleillée. Récolte échelonnée des feuilles fraîches.","Adapté climat France \\n Source: ITAB, Standard Climat France (Valable 2026)"
Corossol — antilles,Corossol,Annonaceae,Annona muricata,,,25,,,36,,20,,1095,,500,,,,,tropical_antilles,,a_revoir,t,,,,,,,"","Strictement tropical, gélif, aime chaleur et humidité constantes. Pic de récolte fin hivernage-carême (S36-4). Sensible aux cochenilles/foreurs. Plantation début hivernage."
Corossol — austral,Corossol,Annonaceae,Annona muricata,,,44,,,2,,16,,1095,,400,,,,,tropical_austral,,a_revoir,t,,,,,,,"","Pic de récolte en été austral et début d'automne (janv.-avril). Vrai tropical frileux : réserver aux zones chaudes de basse altitude (littoral Réunion, Mayotte, N.-Calédonie). Pollinisation à la main recommandée en verge"
Corossol — equatorial,Corossol,Annonaceae,Annona muricata,,,15,,,26,,24,,1095,,450,,,,,equatorial,,a_revoir,t,,,,,,,"",L'Annona la mieux adaptée aux climats chauds et humides (contrairement au cœur de bœuf/pomme-cannelle qui préfèrent une saison sèche). Pollinisation manuelle recommandée. Sensible aux cochenilles et à la foreuse des grai
Cosmos,Cosmos,Asteraceae,Cosmos bipinnatus,,16,,,,28,,4,,84,2,30,45,,Plein champ,,,,a_revoir,t,ITAB Guides Légumes Bio (T1+T2) ; semencemag.fr (SNHF) ; Semailles densités semis,,,,,2026-05-15 14:00:05.379,"Fleur compagne — semis direct ou godet selon espèce. Attire les pollinisateurs, fait office de plante-piège pour les pucerons.","Adapté climat France \\n Source: ITAB, Standard Climat France (Valable 2026)"
Courge-ete,Courge,Cucurbitaceae,Cucurbita maxima,Plein champ,16,20,,,36,,4,,140,1,100,150,,Plein champ,,,,a_revoir,t,ITAB Guides Légumes Bio (T1+T2) ; semencemag.fr (SNHF) ; Semailles densités semis,,,,,2026-05-15 14:00:05.379,"Semis sous abri 6-8 semaines avant plantation. Sol > 18 °C, paillage chaud (BRF, plastique noir). Sensible au mildiou.","Adapté climat France \\n Source: ITAB, Standard Climat France (Valable 2026)"
Courge-printemps,Courge,Cucurbitaceae,Cucurbita maxima,Plein champ,10,14,,,30,,4,,140,1,100,150,,Plein champ,,,,a_revoir,t,ITAB Guides Légumes Bio (T1+T2) ; semencemag.fr (SNHF) ; Semailles densités semis,,,,,2026-05-15 14:00:05.379,"Semis sous abri 6-8 semaines avant plantation. Sol > 18 °C, paillage chaud (BRF, plastique noir). Sensible au mildiou.","Adapté climat France \\n Source: ITAB, Standard Climat France (Valable 2026)"
Courge-butternut,Courge butternut,Cucurbitaceae,Cucurbita maxima,,16,20,,,36,,4,,140,1,100,150,,Plein champ,,,,a_revoir,t,ITAB Guides Légumes Bio (T1+T2) ; semencemag.fr (SNHF) ; Semailles densités semis,,,,,2026-05-15 14:00:05.379,"Semis sous abri 6-8 semaines avant plantation. Sol > 18 °C, paillage chaud (BRF, plastique noir). Sensible au mildiou.","Adapté climat France \\n Source: ITAB, Standard Climat France (Valable 2026)"
Courgette-ete-tardive,Courgette,Cucurbitaceae,Cucurbita pepo,Plein champ,20,24,,,40,,4,,140,1,81,121,,Plein champ,,,,a_revoir,t,ITAB Guides Légumes Bio (T1+T2) ; semencemag.fr (SNHF) ; Semailles densités semis,,,,,2026-05-15 14:20:20.025, \\n [2026-05-14] Courgette : espacement arrondi 81 → 80 cm.,"Adapté climat France \\n Source: ITAB, Standard Climat France (Valable 2026)"
Courgette-printemps,Courgette,Cucurbitaceae,Cucurbita pepo,Plein champ,14,18,,,34,,4,,140,1,81,121,,Plein champ,,,,a_revoir,t,ITAB Guides Légumes Bio (T1+T2) ; semencemag.fr (SNHF) ; Semailles densités semis,,,,,2026-05-15 14:20:20.025, \\n [2026-05-14] Courgette : espacement arrondi 81 → 80 cm.,"Adapté climat France \\n Source: ITAB, Standard Climat France (Valable 2026)"
Courgette-printemps-serre,Courgette,Cucurbitaceae,Cucurbita pepo,Sous abri,10,14,,,30,,4,28,140,1,81,121,,Sous abri,,,,a_revoir,t,ITAB Guides Légumes Bio (T1+T2) ; semencemag.fr (SNHF) ; Semailles densités semis,,,,,2026-05-15 14:20:20.025, \\n [2026-05-14] Courgette : espacement arrondi 81 → 80 cm.,"Adapté climat France \\n Source: ITAB, Standard Climat France (Valable 2026)"
Curcuma (safran-pays) — antilles,Curcuma (safran-pays),Zingiberaceae,Curcuma longa,,,16,,,6,,4,,285,,30,,,,,tropical_antilles,,a_revoir,t,,,,,,,"","Plantation aux premières pluies (avril-mai), grossissement sur l'hivernage, récolte en carême. Sols riches et frais, mi-ombre. Même itinéraire que le gingembre, souvent associés au jardin."
Curcuma (safran-pays) — austral,Curcuma (safran-pays),Zingiberaceae,Curcuma longa,,,40,,,26,,6,,270,,30,,,,,tropical_austral,,a_revoir,t,,,,,,,"","Plantation en début de saison humide (octobre), récolte quand le feuillage sèche en hiver austral (juin-juillet). Sol riche, meuble et humide durant la croissance ; assèchement en fin de cycle. Ombrage léger toléré. Se c"
Celeri,Céleri,Apiaceae,Apium graveolens,Plein champ,10,14,,,22,,4,,84,2,30,45,,Plein champ,,,,a_revoir,t,ITAB Guides Légumes Bio (T1+T2) ; semencemag.fr (SNHF) ; Semailles densités semis,,,,,2026-05-15 14:00:05.379,"Pépinière 8-10 semaines puis transplantation après les saintes glaces. Sol riche, humide, drainé.","Adapté climat France \\n Source: ITAB, Standard Climat France (Valable 2026)"
Dachine (taro) — antilles,Dachine (taro),Araceae,Colocasia esculenta,,22,,,,12,,6,,270,,70,,,,,tropical_antilles,,a_revoir,t,,,,,,,"","Plantation dès le début de l'hivernage (juin) pour couvrir les besoins en eau élevés ; récolte en fin d'hivernage/début carême. Idéal en zone humide de basse et moyenne altitude, sols riches en matière organique. Irrigat"
Dachine (taro) — austral,Dachine (taro),Araceae,Colocasia esculenta,,40,40,,,18,,8,,240,,60,,,,,tropical_austral,,a_revoir,t,,,,,,,"","Plantation début de saison humide (octobre), récolte en début d'hiver austral (mai). Exige de l'eau en permanence : bas-fonds, bord de rivière ou irrigation. Les feuilles servent aussi de brède. Sensible au dépérissement"
Dachine (taro) — equatorial,Dachine (taro),Araceae,Colocasia esculenta,,14,14,,,50,,8,,245,,70,,,,,equatorial,,a_revoir,t,,,,,,,"","Plantation à l'entrée de la grande saison des pluies (avril) pour couvrir les besoins hydriques élevés ; récolte au retour des pluies suivant (décembre). Idéal en bas-fond humide ou bordure de crique. Sans irrigation, év"
Fenouil-ete,Fenouil,Apiaceae,,Plein champ,29,33,,,41,,4,,84,2,35,52,,Plein champ,,,,a_revoir,t,ITAB Guides Légumes Bio (T1+T2) ; semencemag.fr (SNHF) ; Semailles densités semis,,,,,2026-05-15 14:00:05.379,"Plant repiqué tardif. Sol > 15 °C, exposition plein sud. Récolte des bulbes formés (cucurbitacée tardive).","Adapté climat France \\n Source: ITAB, Standard Climat France (Valable 2026)"
Fraise d'altitude — antilles,Fraise d'altitude,Rosaceae,Fragaria x ananassa,,,40,,,2,,10,,100,,30,,,,,tropical_antilles,,a_revoir,t,,,,,,,"","À réserver aux zones d'altitude (Morne-Rouge / flancs de la Pelée en Martinique, hauteurs de Basse-Terre en Guadeloupe, > 400-500 m). Plantation des plants en début de carême (oct., sem. 40) ; la fructification profite d"
Fraise d'altitude — austral,Fraise d'altitude,Rosaceae,Fragaria x ananassa,,,14,,,38,,10,,150,,30,,,,,tropical_austral,,a_revoir,t,,,,,,,"","Plantation des stolons en automne austral (avril, S14), pendant la fraîcheur qui favorise l'enracinement et l'induction florale. Récolte au printemps austral (septembre-novembre, pic S38). RÉSERVÉE À L'ALTITUDE >1000 m ("
Fruit de la passion — antilles,Fruit de la passion,Passifloraceae,Passiflora edulis,,,22,,,4,,20,,240,,300,,,,,tropical_antilles,,a_revoir,t,,,,,,,"",Plantation sur treillage début hivernage (S22). Pic de récolte fin hivernage/carême (S32-4). Rendement indiqué par pied/liane. Renouveler tous les 3-4 ans ; la forme jaune (f. flavicarpa) est la mieux adaptée à la plaine
Fruit de la passion — austral,Fruit de la passion,Passifloraceae,Passiflora edulis,,,44,,,8,,24,,300,,250,,,,,tropical_austral,,a_revoir,t,,,,,,,"","Rendement exprimé par m² de palissage. Plantation au retour des pluies (nov.), premier pic de récolte en fin d'été / automne austral (fév.-juin). La grenadille pourpre convient aux hauteurs plus fraîches de la Réunion, l"
Fruit de la passion — equatorial,Fruit de la passion,Passifloraceae,Passiflora edulis,,,15,,,38,,20,,210,,300,,,,,equatorial,,a_revoir,t,,,,,,,"","Semis fin de petit été de mars (sem.8), repiquage au pied de la palissade à l'entrée des pluies. Conduite sur treille/fil de fer. Le maracudja jaune (f. flavicarpa) est le mieux adapté aux basses terres tropicales. Sensi"
Fève-automne,Fève,Fabaceae,Vicia faba,Plein champ,38,,,,50,,4,,84,2,30,45,30,Plein champ,,,,a_revoir,t,ITAB Guides Légumes Bio (T1+T2) ; semencemag.fr (SNHF) ; Semailles densités semis,,,,,2026-05-15 14:00:05.379,"Semis direct dense, tuteurer les variétés grimpantes. Fixateur d'azote — bénéfique en rotation après légume-feuille.","Adapté climat France \\n Source: ITAB, Standard Climat France (Valable 2026)"
Fève-printemps,Fève,Fabaceae,Vicia faba,Plein champ,8,,,,20,,4,,84,2,30,45,30,Plein champ,,,,a_revoir,t,ITAB Guides Légumes Bio (T1+T2) ; semencemag.fr (SNHF) ; Semailles densités semis,,,,,2026-05-15 14:00:05.379,"Semis direct dense, tuteurer les variétés grimpantes. Fixateur d'azote — bénéfique en rotation après légume-feuille.","Adapté climat France \\n Source: ITAB, Standard Climat France (Valable 2026)"
Gingembre — antilles,Gingembre,Zingiberaceae,Zingiber officinale,,,16,,,4,,4,,270,,30,,,,,tropical_antilles,,a_revoir,t,,,,,,,"","Plantation aux premières pluies (avril-mai) : la croissance des rhizomes couvre tout l'hivernage humide, récolte en carême (décembre-janvier) quand le feuillage jaunit. Sols riches, meubles, mi-ombre ; buttage."
Gingembre — austral,Gingembre,Zingiberaceae,Zingiber officinale,,,38,,,26,,8,,250,,30,,,,,tropical_austral,,a_revoir,t,,,,,,,"","Plantation des rhizomes en début de saison des pluies (septembre-octobre), récolte quand les feuilles jaunissent en hiver austral (juin-juillet). Apprécie l'ombrage léger et un sol riche et bien drainé. Rhizome jeune réc"
Gingembre — equatorial,Gingembre,Zingiberaceae,Zingiber officinale,,,48,,,40,,6,,285,,30,,,,,equatorial,,a_revoir,t,,,,,,,"","Plantation des rhizomes au retour des pluies (décembre) sur sol riche, meuble et bien drainé ; croissance sur toute la saison humide et récolte en saison sèche (octobre) au dessèchement du feuillage. Un ombrage léger et "
Giraumon — antilles,Giraumon,Cucurbitaceae,Cucurbita moschata,,16,,,,30,,4,,100,,150,,,,,tropical_antilles,,a_revoir,t,,,,,,,"",Semis en fin de carême / début hivernage pour que floraison et nouaison précèdent les pluies les plus fortes (limite la pourriture des fruits). Ménager de larges espacements ; paillage pour garder les fruits propres.
Giraumon — austral,Giraumon,Cucurbitaceae,Cucurbita moschata,,46,,,,12,,4,,130,,150,,,,,tropical_austral,,a_revoir,t,,,,,,,"","Semis en début de saison des pluies (octobre), récolte en fin d'été austral (mars). Prévoir 2-3 m² par pied (plante coureuse). Résiste mieux aux maladies que les courges tempérées. Les fruits mûrs se conservent plusieurs"
Giraumon — equatorial,Giraumon,Cucurbitaceae,Cucurbita moschata,,48,48,,,12,,6,,110,,180,,,,,equatorial,,a_revoir,t,,,,,,,"","Semis au retour des pluies (début novembre) ; les lianes couvrent le sol pendant la période humide et les fruits mûrissent vers le petit été de mars (février), plus sec, favorable à la conservation. Prévoir de grands éca"
Gombo — antilles,Gombo,Malvaceae,Abelmoschus esculentus,,22,,,,32,,10,,70,,50,,,,,tropical_antilles,,a_revoir,t,,,,,,,"",Semis à l'entrée de l'hivernage : chaleur et pluies favorisent une croissance rapide et une longue période de cueillette. Sensible aux nématodes (rotation) ; cueillette rapprochée obligatoire.
Gombo — austral,Gombo,Malvaceae,Abelmoschus esculentus,,46,,,,4,,10,,60,,50,,,,,tropical_austral,,a_revoir,t,,,,,,,"","Semis en début d'été austral (novembre) sur sol réchauffé, récolte à partir de janvier et durant tout l'été. Cueillette tous les 2-3 jours des capsules de 6-8 cm (durcissent vite). Exige chaleur soutenue ; peu productif "
Gombo — equatorial,Gombo,Malvaceae,Abelmoschus esculentus,,1,1,,,10,,10,,60,,50,,,,,equatorial,,a_revoir,t,,,,,,,"",Semis en saison des pluies (janvier) pour une croissance vigoureuse ; récolte étalée à partir de mars. Cultivable quasiment toute l'année sous irrigation. Récolter les capsules jeunes (8-10 cm) pour éviter la fibrosité.
Goyavier — antilles,Goyavier,Myrtaceae,Psidium guajava,,,25,,,40,,12,,730,,500,,,,,tropical_antilles,,a_revoir,t,,,,,,,"","Très rustique, tolère sécheresse et sols pauvres, tend à se naturaliser. Pic de récolte souvent en fin d'hivernage/entrée carême (S40-2). Plantation début hivernage."
Goyavier — austral,Goyavier,Myrtaceae,Psidium guajava,,,44,,,20,,14,,730,,450,,,,,tropical_austral,,a_revoir,t,,,,,,,"","Récolte principale sur l'hiver austral (mai-août). Espèce rustique tolérant sécheresse et sols pauvres, mais gourmande en eau pour de gros fruits. Attention au caractère envahissant du goyavier (surtout goyavier de Chine"
Goyavier — equatorial,Goyavier,Myrtaceae,Psidium guajava,,,15,,,30,,20,,730,,450,,,,,equatorial,,a_revoir,t,,,,,,,"",Plantation entrée des pluies. Une taille de fructification permet de concentrer la récolte ; sinon production étalée. Pointe principale après la grande saison des pluies (juillet-septembre). Surveiller la mouche des frui
Goyavier de Chine (goyave-fraise) — antilles,Goyavier de Chine (goyave-fraise),Myrtaceae,Psidium cattleianum,,,24,,,34,,8,,730,,250,,,,,tropical_antilles,,a_revoir,t,,,,,,,"","Plantation des jeunes plants en début d'hivernage (juin, sem. 24) pour une reprise sous les pluies. Fructification de l'arbuste établi en pleine saison humide (août-sept., sem. 34) sur les mornes frais et arrosés. Rustiq"
Goyavier de Chine (goyave-fraise) — austral,Goyavier de Chine (goyave-fraise),Myrtaceae,Psidium cattleianum,,,42,,,20,,8,,365,,200,,,,,tropical_austral,,a_revoir,t,,,,,,,"","Plantation en début de saison chaude (octobre, S42) pour profiter des pluies d'établissement. Récolte de l'arbuste installé en hiver austral (mai-juillet, S20) — la célèbre saison du ""goyavier"" des hauts réunionnais. Mi-"
Goyavier de Chine (goyave-fraise) — equatorial,Goyavier de Chine (goyave-fraise),Myrtaceae,Psidium cattleianum,,,15,,,40,,8,,730,,250,,,,,equatorial,,a_revoir,t,,,,,,,"","Plaine guyanaise, sols acides humides. Plantation en début de grande saison des pluies (avril, ~sem. 15) pour l'installation. Fructification principale en fin de saison des pluies / début de saison sèche (sept.-oct., ~se"
Haricot-ete-plein-champ,Haricot,Fabaceae,Phaseolus vulgaris,Plein champ,16,,,,28,,4,,84,2,22,33,30,Plein champ,,,,a_revoir,t,ITAB Guides Légumes Bio (T1+T2) ; semencemag.fr (SNHF) ; Semailles densités semis,,,,,2026-05-15 14:00:05.379,"Semis direct dense, tuteurer les variétés grimpantes. Fixateur d'azote — bénéfique en rotation après légume-feuille.","Adapté climat France \\n Source: ITAB, Standard Climat France (Valable 2026)"
Haricot-printemps-serre,Haricot,Fabaceae,Phaseolus vulgaris,Sous abri,10,,,,22,,4,,84,2,22,33,30,Plein champ,,,,a_revoir,t,ITAB Guides Légumes Bio (T1+T2) ; semencemag.fr (SNHF) ; Semailles densités semis,,,,,2026-05-15 14:00:05.379,"Semis direct dense, tuteurer les variétés grimpantes. Fixateur d'azote — bénéfique en rotation après légume-feuille.","Adapté climat France \\n Source: ITAB, Standard Climat France (Valable 2026)"
Haricot-ete-sec,Haricot sec,Fabaceae,Phaseolus vulgaris,Plein champ,20,,,,32,,4,,84,2,22,33,30,Plein champ,,,,a_revoir,t,ITAB Guides Légumes Bio (T1+T2) ; semencemag.fr (SNHF) ; Semailles densités semis,,,,,2026-05-15 14:00:05.379,"Semis direct dense, tuteurer les variétés grimpantes. Fixateur d'azote — bénéfique en rotation après légume-feuille.","Adapté climat France \\n Source: ITAB, Standard Climat France (Valable 2026)"
Haricot-vert-ete,Haricot vert,Fabaceae,Phaseolus vulgaris,Plein champ,18,,,,30,,4,,84,2,22,33,30,Plein champ,,,,a_revoir,t,ITAB Guides Légumes Bio (T1+T2) ; semencemag.fr (SNHF) ; Semailles densités semis,,,,,2026-05-15 14:00:05.379,"Semis direct dense, tuteurer les variétés grimpantes. Fixateur d'azote — bénéfique en rotation après légume-feuille.","Adapté climat France \\n Source: ITAB, Standard Climat France (Valable 2026)"
Igname — antilles,Igname,Dioscoreaceae,Dioscorea alata,,12,,,,2,,4,,285,,80,,,,,tropical_antilles,,a_revoir,t,,,,,,,"","Plantation en fin de carême (mars-avril) pour profiter de tout l'hivernage en végétation ; récolte en saison sèche de fin d'année quand le feuillage jaunit. Sols profonds, meubles et drainés (mornes, jardins créoles). Cr"
Igname — austral,Igname,Dioscoreaceae,Dioscorea alata,,39,39,,,28,,6,,270,,100,,,,,tropical_austral,,a_revoir,t,,,,,,,"","Plantation en fin septembre-octobre, au démarrage des pluies de l'été austral. Récolte en hiver austral sec (juin-août) quand les fanes ont séché. Buttes ou billons + tuteur/treillage indispensables. Convient jusqu'à 600"
Igname couche-couche — equatorial,Igname couche-couche,Dioscoreaceae,Dioscorea trifida,,48,48,,,38,,8,,270,,80,,,,,equatorial,,a_revoir,t,,,,,,,"",Plantation au retour des pluies (décembre) pour que la liane s'installe pendant la grande saison des pluies. Récolte en saison sèche (septembre-octobre) après jaunissement du feuillage. Sols meubles et bien drainés en bu
Jacquier — equatorial,Jacquier,Moraceae,Artocarpus heterophyllus,,,15,,,2,,18,,1825,,1000,,,,,equatorial,,a_revoir,t,,,,,,,"","Très grand arbre : prévoir 10-12 m et sol profond drainé. Fruits énormes portés sur le tronc, récolte principale déc-avril. Greffage conseillé pour typer la variété et raccourcir la mise à fruit. Bien présent dans les ja"
Laitue-automne,Laitue,Asteraceae,Lactuca sativa,,30,34,,,38,,4,,56,2,28,42,,Plein champ,,,,a_revoir,t,ITAB Guides Légumes Bio (T1+T2) ; semencemag.fr (SNHF) ; Semailles densités semis,,,,,2026-05-15 14:00:05.379,Semis échelonné toutes les 2 semaines pour étaler la récolte. Sol frais et drainé.,"Adapté climat France \\n Source: ITAB, Standard Climat France (Valable 2026)"
Laitue-ete,Laitue,Asteraceae,Lactuca sativa,,20,24,,,28,,4,,56,2,28,42,,Plein champ,,,,a_revoir,t,ITAB Guides Légumes Bio (T1+T2) ; semencemag.fr (SNHF) ; Semailles densités semis,,,,,2026-05-15 14:00:05.379,Semis échelonné toutes les 2 semaines pour étaler la récolte. Sol frais et drainé.,"Adapté climat France \\n Source: ITAB, Standard Climat France (Valable 2026)"
Laitue-ete-tardive,Laitue,Asteraceae,Lactuca sativa,Plein champ,27,31,,,35,,4,,56,2,28,42,,Plein champ,,,,a_revoir,t,ITAB Guides Légumes Bio (T1+T2) ; semencemag.fr (SNHF) ; Semailles densités semis,,,,,2026-05-15 14:00:05.379,Semis échelonné toutes les 2 semaines pour étaler la récolte. Sol frais et drainé.,"Adapté climat France \\n Source: ITAB, Standard Climat France (Valable 2026)"
Laitue-hiver-serre,Laitue,Asteraceae,Lactuca sativa,Sous abri,40,44,,,48,,4,28,56,2,28,42,,Sous abri,,,,a_revoir,t,ITAB Guides Légumes Bio (T1+T2) ; semencemag.fr (SNHF) ; Semailles densités semis,,,,,2026-05-15 14:00:05.379,Semis échelonné toutes les 2 semaines pour étaler la récolte. Sol frais et drainé.,"Adapté climat France \\n Source: ITAB, Standard Climat France (Valable 2026)"
Laitue-printemps,Laitue,Asteraceae,Lactuca sativa,,8,12,,,16,,4,,56,2,28,42,,Plein champ,,,,a_revoir,t,ITAB Guides Légumes Bio (T1+T2) ; semencemag.fr (SNHF) ; Semailles densités semis,,,,,2026-05-15 14:00:05.379,Semis échelonné toutes les 2 semaines pour étaler la récolte. Sol frais et drainé.,"Adapté climat France \\n Source: ITAB, Standard Climat France (Valable 2026)"
Laitue-printemps-precoce,Laitue,Asteraceae,Lactuca sativa,Plein champ,5,9,,,13,,4,,56,2,28,42,,Plein champ,,,,a_revoir,t,ITAB Guides Légumes Bio (T1+T2) ; semencemag.fr (SNHF) ; Semailles densités semis,,,,,2026-05-15 14:00:05.379,Semis échelonné toutes les 2 semaines pour étaler la récolte. Sol frais et drainé.,"Adapté climat France \\n Source: ITAB, Standard Climat France (Valable 2026)"
Laitue-printemps-serre,Laitue,Asteraceae,Lactuca sativa,Sous abri,8,12,,,16,,4,28,56,2,28,42,,Sous abri,,,,a_revoir,t,ITAB Guides Légumes Bio (T1+T2) ; semencemag.fr (SNHF) ; Semailles densités semis,,,,,2026-05-15 14:00:05.379,Semis échelonné toutes les 2 semaines pour étaler la récolte. Sol frais et drainé.,"Adapté climat France \\n Source: ITAB, Standard Climat France (Valable 2026)"
Letchi — antilles,Letchi,Sapindaceae,Litchi chinensis,,,25,,,22,,5,,1460,,800,,,,,tropical_antilles,,a_revoir,t,,,,,,,"",Culture marginale/de niche aux Antilles : demande un carême frais (idéalement >300 m) pour fleurir. Récolte courte et concentrée mai-juillet (S20-28). Sensible aux cyclones d'hivernage.
Letchi — austral,Letchi,Sapindaceae,Litchi chinensis,,,44,,,47,,8,,1825,,800,,,,,tropical_austral,,a_revoir,t,,,,,,,"",Fruit emblématique de Noël à La Réunion : récolte concentrée mi-novembre à mi-janvier (pic mi-décembre). Plantation en début de saison des pluies. L'induction florale dépend d'un hiver austral bien marqué en fraîcheur —
Lime de Tahiti — antilles,Lime de Tahiti,Rutaceae,Citrus latifolia,,,25,,,26,,24,,1095,,500,,,,,tropical_antilles,,a_revoir,t,,,,,,,"","Agrume tropical sans épines/sans pépins, remontant : production quasi continue, pic en hivernage. Alternative aromatique : le combava (Citrus hystrix) pour la feuille et le zeste. Attention au HLB/greening : plants certi"
Lime de Tahiti — austral,Lime de Tahiti,Rutaceae,Citrus latifolia,,,46,,,8,,24,,900,,500,,,,,tropical_austral,,a_revoir,t,,,,,,,"","Production étalée sur une large fenêtre grâce à sa remontée, avec un pic en été/automne austral. Agrume tropical de basse altitude, bien adapté aux littoraux de la Réunion, N.-Calédonie et Polynésie."
Lime de Tahiti — equatorial,Lime de Tahiti,Rutaceae,Citrus latifolia,,,15,,,22,,30,,1095,,450,,,,,equatorial,,a_revoir,t,,,,,,,"",Le lime (limettier) est l'agrume le plus adapté aux basses terres tropicales humides (plus que l'oranger). Greffer sur porte-greffe résistant à Phytophthora/gommose. Production remontante quasi continue. Surveiller le ch
Longane — antilles,Longane,Sapindaceae,Dimocarpus longan,,,25,,,32,,6,,1095,,800,,,,,tropical_antilles,,a_revoir,t,,,,,,,"",Plus fiable que le letchi en plaine antillaise. Récolte fin d'hivernage août-septembre (S32-38). Plantation début hivernage. Pluvio 1200-2000 mm.
Longane — austral,Longane,Sapindaceae,Dimocarpus longan,,,44,,,6,,8,,1825,,800,,,,,tropical_austral,,a_revoir,t,,,,,,,"","Récolte juste après le letchi : février-mars (fin d'été austral), ce qui étale l'offre de fruits Sapindaceae. Plantation en début de pluies. Bien adapté aux mi-pentes de la Réunion et de N.-Calédonie."
Madère (tania) — antilles,Madère (tania),Araceae,Xanthosoma sagittifolium,,24,,,,18,,6,,300,,80,,,,,tropical_antilles,,a_revoir,t,,,,,,,"","Plantation à l'entrée de l'hivernage ; récolte en carême quand le feuillage dépérit. Supporte mieux le ressuyage que la dachine, donc adapté aux terres de mi-pente. Buttage pour favoriser les cormeaux."
Madère (tania) — equatorial,Madère (tania),Araceae,Xanthosoma sagittifolium,,48,48,,,44,,10,,305,,100,,,,,equatorial,,a_revoir,t,,,,,,,"","Plantation au retour des pluies (décembre), croissance sur toute la saison humide, récolte en fin de saison sèche (octobre-novembre). Contrairement au taro, supporte les terres hautes de savane ou de barre du littoral sa"
Manguier — antilles,Manguier,Anacardiaceae,Mangifera indica,,,25,,,22,,12,,1095,,900,,,,,tropical_antilles,,a_revoir,t,,,,,,,"","Zone Antilles (hémisphère NORD, PAS d'inversion). Plantation en début d'hivernage (mi-juin, ~S25) pour établissement sous les pluies. Récolte principale juin-août (S22-34) après induction florale du carême. De 0 à 400 m,"
Manguier — austral,Manguier,Anacardiaceae,Mangifera indica,,,46,,,48,,12,,1460,,900,,,,,tropical_austral,,a_revoir,t,,,,,,,"",Réunion / N.-Calédonie : plantation en début de saison des pluies (novembre). Récolte de plein été austral (fin novembre à février). L'hiver austral sec et frais déclenche la floraison ; irrigation d'appoint au grossisse
Manguier — equatorial,Manguier,Anacardiaceae,Mangifera indica,,,15,,,50,,12,,1095,,900,,,,,equatorial,,a_revoir,t,,,,,,,"","Plantation début grande saison des pluies (avril, sem.15). Récolte principale novembre-janvier, après floraison de saison sèche. Préférer variétés greffées type 'Julie', 'Amélie', 'Cambodgienne' peu sensibles à l'anthrac"
Manioc — antilles,Manioc,Euphorbiaceae,Manihot esculenta,,24,,,,16,,8,,300,,100,,,,,tropical_antilles,,a_revoir,t,,,,,,,"","Bouturage à l'entrée de l'hivernage (juin) pour un enracinement sous les pluies ; récolte en carême suivant, sol sec plus facile à arracher. Extrêmement tolérant à la sécheresse une fois établi, valorise les sols pauvres"
Manioc — austral,Manioc,Euphorbiaceae,Manihot esculenta,,46,46,,,40,,12,,330,,100,,,,,tropical_austral,,a_revoir,t,,,,,,,"","Boutures plantées en début de saison des pluies (novembre-décembre). Récolte échelonnée à partir de 10-11 mois ; les racines se conservent en terre. Variétés douces pour consommation directe, amères à détoxifier. Peu exi"
Manioc — equatorial,Manioc,Euphorbiaceae,Manihot esculenta,,47,47,,,40,,16,,305,,100,,,,,equatorial,,a_revoir,t,,,,,,,"","Plantation des boutures au retour des pluies (fin novembre-décembre) sur les sols bien drainés du littoral (2500-3500 mm/an). Récolte échelonnée à partir d'octobre, en saison sèche, quand le sol se travaille facilement. "
Margose (concombre amer) — antilles,Margose (concombre amer),Cucurbitaceae,Momordica charantia,,20,,,,30,,10,,70,,80,,,,,tropical_antilles,,a_revoir,t,,,,,,,"",Semis en entrée d'hivernage sous treillage pour aérer le feuillage et limiter les maladies fongiques favorisées par l'humidité. Sensible aux mouches des fruits (ensachage/pièges). Possible aussi en carême sous irrigation
Margose (concombre amer) — austral,Margose (concombre amer),Cucurbitaceae,Momordica charantia,,44,,,,2,,8,,70,,80,,,,,tropical_austral,,a_revoir,t,,,,,,,"","Semis en début d'été austral (novembre), récolte de janvier à mars. Treillage vertical obligatoire. Récolter les fruits encore verts (moins amers). Chaleur et humidité de l'été austral idéales ; sensible aux mouches des "
Margose (concombre amer) — equatorial,Margose (concombre amer),Cucurbitaceae,Momordica charantia,,6,6,,,16,,8,,65,,80,,,,,equatorial,,a_revoir,t,,,,,,,"",Semis en saison des pluies (février) et palissage sur treillage pour aérer le feuillage et limiter les maladies fongiques favorisées par l'humidité. Cultivable toute l'année sous irrigation. Récolter les fruits jeunes et
Mais-ete,Maïs,Poaceae,,Plein champ,16,,,,28,,4,,84,2,30,45,,Plein champ,,,,a_revoir,t,ITAB Guides Légumes Bio (T1+T2) ; semencemag.fr (SNHF) ; Semailles densités semis,,,,,2026-05-15 14:00:05.379,Semis direct en lignes espacées 70-80 cm. Plante exigeante en eau et azote — bon précédent pour Brassicacées.,"Adapté climat France \\n Source: ITAB, Standard Climat France (Valable 2026)"
Melon-ete,Melon,Cucurbitaceae,Cucumis melo,Plein champ,14,18,,,26,,4,,84,1,100,150,,Plein champ,,,,a_revoir,t,ITAB Guides Légumes Bio (T1+T2) ; semencemag.fr (SNHF) ; Semailles densités semis,,,,,2026-05-15 14:00:05.379,"Semis sous abri 6-8 semaines avant plantation. Sol > 18 °C, paillage chaud (BRF, plastique noir). Sensible au mildiou.","Adapté climat France \\n Source: ITAB, Standard Climat France (Valable 2026)"
EV-Moutarde-automne,Moutarde,Brassicaceae,Sinapis alba,,34,,,,46,,4,,84,2,22,33,3,Plein champ,,,,a_revoir,t,ITAB Guides Légumes Bio (T1+T2) ; semencemag.fr (SNHF) ; Semailles densités semis,,,,,2026-05-15 14:00:05.379,Engrais vert / couvre-sol — semis direct à la volée puis enfouissement avant montée à graines. Améliore la structure du sol.,"Adapté climat France \\n Source: ITAB, Standard Climat France (Valable 2026)"
Mache-automne,Mâche,Valerianaceae,Valerianella locusta,Plein champ,36,,,,48,,4,,84,2,30,45,3,Plein champ,,,,a_revoir,t,ITAB Guides Légumes Bio (T1+T2) ; semencemag.fr (SNHF) ; Semailles densités semis,,,,,2026-05-15 14:00:05.379,Semis échelonné toutes les 2 semaines pour étaler la récolte. Sol frais et drainé.,"Adapté climat France \\n Source: ITAB, Standard Climat France (Valable 2026)"
Mache-ete,Mâche,Valerianaceae,Valerianella locusta,Plein champ,23,,,,35,,4,,84,2,30,45,3,Plein champ,,,,a_revoir,t,ITAB Guides Légumes Bio (T1+T2) ; semencemag.fr (SNHF) ; Semailles densités semis,,,,,2026-05-15 14:00:05.379,Semis échelonné toutes les 2 semaines pour étaler la récolte. Sol frais et drainé.,"Adapté climat France \\n Source: ITAB, Standard Climat France (Valable 2026)"
Mache-hiver,Mâche,Valerianaceae,Valerianella locusta,Plein champ,49,,,,9,,4,,84,2,30,45,3,Plein champ,,,,a_revoir,t,ITAB Guides Légumes Bio (T1+T2) ; semencemag.fr (SNHF) ; Semailles densités semis,,,,,2026-05-15 14:00:05.379,Semis échelonné toutes les 2 semaines pour étaler la récolte. Sol frais et drainé.,"Adapté climat France \\n Source: ITAB, Standard Climat France (Valable 2026)"
Mache-printemps,Mâche,Valerianaceae,Valerianella locusta,Plein champ,10,,,,22,,4,,84,2,30,45,3,Plein champ,,,,a_revoir,t,ITAB Guides Légumes Bio (T1+T2) ; semencemag.fr (SNHF) ; Semailles densités semis,,,,,2026-05-15 14:00:05.379,Semis échelonné toutes les 2 semaines pour étaler la récolte. Sol frais et drainé.,"Adapté climat France \\n Source: ITAB, Standard Climat France (Valable 2026)"
EV-Commerce-automne,Mélange,,,Plein champ,36,40,,,48,,4,,84,2,30,45,3.33,Plein champ,,,,a_revoir,t,ITAB Guides Légumes Bio (T1+T2) ; semencemag.fr (SNHF) ; Semailles densités semis,,,,,2026-05-15 14:00:05.379,Engrais vert / couvre-sol — semis direct à la volée puis enfouissement avant montée à graines. Améliore la structure du sol.,"Adapté climat France \\n Source: ITAB, Standard Climat France (Valable 2026)"
EV-Mix-Seigle-automne,Mélange,,,Plein champ,33,37,,,45,,4,,84,2,30,45,13,Plein champ,,,,a_revoir,t,ITAB Guides Légumes Bio (T1+T2) ; semencemag.fr (SNHF) ; Semailles densités semis,,,,,2026-05-15 14:00:05.379,Engrais vert / couvre-sol — semis direct à la volée puis enfouissement avant montée à graines. Améliore la structure du sol.,"Seigle 8 g/m²  \\n  \\n Vesce 4 g/m²  \\n  \\n Moutarde 0,5 g/m²  \\n  \\n Phacélie 0,5 g/m²"
EV-Mix-Seigle-automne-serre,Mélange,,,Sous abri,38,42,,,50,,4,28,84,2,30,45,13,Sous abri,,,,a_revoir,t,ITAB Guides Légumes Bio (T1+T2) ; semencemag.fr (SNHF) ; Semailles densités semis,,,,,2026-05-15 14:00:05.379,Engrais vert / couvre-sol — semis direct à la volée puis enfouissement avant montée à graines. Améliore la structure du sol.,"Seigle 8 g/m²  \\n  \\n Vesce 4 g/m²  \\n  \\n Moutarde 0,5 g/m²  \\n  \\n Phacélie 0,5 g/m²"
EV-Mix-Sorgho-printemps,Mélange,,,Plein champ,16,20,,,28,,4,,84,2,30,45,2.9,Plein champ,,,,a_revoir,t,ITAB Guides Légumes Bio (T1+T2) ; semencemag.fr (SNHF) ; Semailles densités semis,,,,,2026-05-15 14:00:05.379,Engrais vert / couvre-sol — semis direct à la volée puis enfouissement avant montée à graines. Améliore la structure du sol.,Sorgo 1 g/m²  \\n  \\n Trèfle 0.375 g/m²  \\n  \\n Mélilot 0.5 g/m²  \\n  \\n Sarrasin 1.25 g/m²
EV-Mix-Sorgho-printemps-serre,Mélange,,,Sous abri,12,16,,,24,,4,28,84,2,30,45,2.9,Sous abri,,,,a_revoir,t,ITAB Guides Légumes Bio (T1+T2) ; semencemag.fr (SNHF) ; Semailles densités semis,,,,,2026-05-15 14:00:05.379,Engrais vert / couvre-sol — semis direct à la volée puis enfouissement avant montée à graines. Améliore la structure du sol.,Sorgo 1 g/m²  \\n  \\n Trèfle 0.375 g/m²  \\n  \\n Mélilot 0.5 g/m²  \\n  \\n Sarrasin 1.25 g/m²
Navet-automne,Navet,Brassicaceae,Brassica rapa,Plein champ,32,,,,46,,4,,98,2,20,30,3,Plein champ,,,,a_revoir,t,ITAB Guides Légumes Bio (T1+T2) ; semencemag.fr (SNHF) ; Semailles densités semis,,,,,2026-05-15 14:00:05.379,"Semis direct, racine pivot — ne pas repiquer. Éclaircir à 5-8 cm. Récolte 60-80 jours selon variété.","Adapté climat France \\n Source: ITAB, Standard Climat France (Valable 2026)"
Navet-automne-tardive,Navet,Brassicaceae,Brassica rapa,Plein champ,29,,,,43,,4,,98,2,20,30,3,Plein champ,,,,a_revoir,t,ITAB Guides Légumes Bio (T1+T2) ; semencemag.fr (SNHF) ; Semailles densités semis,,,,,2026-05-15 14:00:05.379,"Semis direct, racine pivot — ne pas repiquer. Éclaircir à 5-8 cm. Récolte 60-80 jours selon variété.","Adapté climat France \\n Source: ITAB, Standard Climat France (Valable 2026)"
Navet-ete,Navet,Brassicaceae,Brassica rapa,Plein champ,14,,,,28,,4,,98,2,20,30,3,Plein champ,,,,a_revoir,t,ITAB Guides Légumes Bio (T1+T2) ; semencemag.fr (SNHF) ; Semailles densités semis,,,,,2026-05-15 14:00:05.379,"Semis direct, racine pivot — ne pas repiquer. Éclaircir à 5-8 cm. Récolte 60-80 jours selon variété.","Adapté climat France \\n Source: ITAB, Standard Climat France (Valable 2026)"
Navet-printemps,Navet,Brassicaceae,Brassica rapa,Plein champ,18,,,,32,,4,,98,2,20,30,3,Plein champ,,,,a_revoir,t,ITAB Guides Légumes Bio (T1+T2) ; semencemag.fr (SNHF) ; Semailles densités semis,,,,,2026-05-15 14:00:05.379,"Semis direct, racine pivot — ne pas repiquer. Éclaircir à 5-8 cm. Récolte 60-80 jours selon variété.","Adapté climat France \\n Source: ITAB, Standard Climat France (Valable 2026)"
Navet-printemps-precoce,Navet,Brassicaceae,Brassica rapa,Plein champ,12,,,,26,,4,,98,2,20,30,3,Plein champ,,,,a_revoir,t,ITAB Guides Légumes Bio (T1+T2) ; semencemag.fr (SNHF) ; Semailles densités semis,,,,,2026-05-15 14:00:05.379,"Semis direct, racine pivot — ne pas repiquer. Éclaircir à 5-8 cm. Récolte 60-80 jours selon variété.","Adapté climat France \\n Source: ITAB, Standard Climat France (Valable 2026)"
Oignon-automne-serre,Oignon,Alliaceae,Allium cepa,Sous abri,36,40,,,48,,4,28,84,3,18,27,3,Sous abri,,,,a_revoir,t,ITAB Guides Légumes Bio (T1+T2) ; semencemag.fr (SNHF) ; Semailles densités semis,,,,,2026-05-15 14:00:05.379,Semis direct ou bulbilles. Rotation 4 ans minimum (Alliacées sensibles à la pourriture blanche).,"Adapté climat France \\n Source: ITAB, Standard Climat France (Valable 2026)"
Oignon-hiver-serre,Oignon,Alliaceae,Allium cepa,Sous abri,49,1,,,9,,4,4,84,3,18,27,3,Sous abri,,,,a_revoir,t,ITAB Guides Légumes Bio (T1+T2) ; semencemag.fr (SNHF) ; Semailles densités semis,,,,,2026-05-15 14:00:05.379,Semis direct ou bulbilles. Rotation 4 ans minimum (Alliacées sensibles à la pourriture blanche).,"Adapté climat France \\n Source: ITAB, Standard Climat France (Valable 2026)"
Oignon-printemps,Oignon,Alliaceae,Allium cepa,Plein champ,8,12,,,20,,4,,84,3,18,27,3,Plein champ,,,,a_revoir,t,ITAB Guides Légumes Bio (T1+T2) ; semencemag.fr (SNHF) ; Semailles densités semis,,,,,2026-05-15 14:00:05.379,Semis direct ou bulbilles. Rotation 4 ans minimum (Alliacées sensibles à la pourriture blanche).,"Adapté climat France \\n Source: ITAB, Standard Climat France (Valable 2026)"
Oignon-printemps-bulbilles,Oignon,Alliaceae,Allium cepa,Plein champ,10,14,,,22,,4,,84,3,18,27,3,Plein champ,,,,a_revoir,t,ITAB Guides Légumes Bio (T1+T2) ; semencemag.fr (SNHF) ; Semailles densités semis,,,,,2026-05-15 14:00:05.379,Semis direct ou bulbilles. Rotation 4 ans minimum (Alliacées sensibles à la pourriture blanche).,"Adapté climat France \\n Source: ITAB, Standard Climat France (Valable 2026)"
Origan,Origan,Lamiaceae,Origanum vulgare,,10,14,,,22,,4,,84,2,40,60,,Plein champ,,,,a_revoir,t,ITAB Guides Légumes Bio (T1+T2) ; semencemag.fr (SNHF) ; Semailles densités semis,,,,,2026-05-15 14:00:05.379,"Aromatique semis direct ou godet. Sol drainé, exposition ensoleillée. Récolte échelonnée des feuilles fraîches.","Adapté climat France \\n Source: ITAB, Standard Climat France (Valable 2026)"
Oseille de Guinée (roselle) — antilles,Oseille de Guinée (roselle),Malvaceae,Hibiscus sabdariffa,,26,,,,48,,4,,155,,90,,,,,tropical_antilles,,a_revoir,t,,,,,,,"","Semis en début d'hivernage (fin juin-juillet, sem. 26) : la plante bénéficie des pluies pour sa croissance végétative, puis fleurit à l'entrée du carême quand les jours raccourcissent. Récolte des calices en nov.-déc. (s"
Oseille de Guinée (roselle) — austral,Oseille de Guinée (roselle),Malvaceae,Hibiscus sabdariffa,,46,,,,20,,6,,180,,90,,,,,tropical_austral,,a_revoir,t,,,,,,,"","Semis direct en début de saison chaude et pluvieuse (novembre, S46) pour une croissance végétative maximale pendant l'été austral. La floraison se déclenche naturellement quand les jours raccourcissent (mars-avril) ; réc"
Oseille de Guinée (roselle) — equatorial,Oseille de Guinée (roselle),Malvaceae,Hibiscus sabdariffa,,18,,,,46,,6,,185,,80,,,,,equatorial,,a_revoir,t,,,,,,,"","Culture créole traditionnelle en Guyane. Semis direct en début de grande saison des pluies (mai, ~sem. 18) : la plante fait toute sa croissance végétative pendant l'hivernage. Floraison de jours courts vers oct.-nov., ré"
Panais,Panais,Apiaceae,,Plein champ,14,,,,26,,4,,84,2,25,37,5,Plein champ,,,,a_revoir,t,ITAB Guides Légumes Bio (T1+T2) ; semencemag.fr (SNHF) ; Semailles densités semis,,,,,2026-05-15 14:00:05.379,Semis direct uniquement (la racine pivot ne supporte pas le repiquage). Éclaircir à 5 cm sur le rang à 4 vraies feuilles.,"Adapté climat France \\n Source: ITAB, Standard Climat France (Valable 2026)"
Papayer — antilles,Papayer,Caricaceae,Carica papaya,,,22,,,10,,40,,300,,250,,,,,tropical_antilles,,a_revoir,t,,,,,,,"","Semis/repiquage début hivernage (S22) ; premières papayes ~10 mois plus tard, en carême. Cultiver des pieds hermaphrodites ou en mélange pour la pollinisation. Sensible au vent (cyclones) et à l'excès d'eau."
Papayer — austral,Papayer,Caricaceae,Carica papaya,,,40,,,27,,52,,300,,250,,,,,tropical_austral,,a_revoir,t,,,,,,,"","Semis en fin d'hiver austral (sept.) pour repiquage au retour des pluies (oct.-nov.) ; premiers fruits l'été austral suivant, puis récolte continue toute l'année sur pied en production. Renouveler la parcelle tous les 2-"
Papayer — equatorial,Papayer,Caricaceae,Carica papaya,,,15,,,46,,40,,270,,250,,,,,equatorial,,a_revoir,t,,,,,,,"","Semis pépinière fin de petit été de mars (sem.8), repiquage à l'entrée des grandes pluies (sem.15). Récolte continue à partir de ~9 mois. Très sensible à l'excès d'eau au collet (pourritures) : planter sur billon ou butt"
Patate douce — antilles,Patate douce,Convolvulaceae,,,38,,,,4,,4,,135,,35,,,,,tropical_antilles,,a_revoir,t,,,,,,,"","Bouturage en fin d'hivernage (septembre) : la culture profite de l'humidité résiduelle puis grossit et se récolte en carême, où les tubercules se conservent mieux (moins de pourriture). Éviter les excès d'azote qui font "
Patate douce — austral,Patate douce,Convolvulaceae,,,45,45,,,13,,6,,140,,35,,,,,tropical_austral,,a_revoir,t,,,,,,,"","Boutures plantées en début d'été austral (novembre), récolte en fin d'été (mars-avril). Éviter l'excès d'azote qui favorise les fanes au détriment des tubercules. Rustique, tolère la sécheresse une fois installée. Feuill"
Patate douce — equatorial,Patate douce,Convolvulaceae,,,22,22,,,40,,6,,130,,40,,,,,equatorial,,a_revoir,t,,,,,,,"","Plantation en fin de grande saison des pluies (fin mai-juin) pour que la tubérisation se fasse en conditions plus sèches (récolte en octobre, saison sèche). Un excès d'azote ou d'eau favorise le feuillage au détriment de"
Patate-douce-automne,Patate douce,Convolvulaceae,,Plein champ,45,49,,,5,,4,,84,1,50,75,,Plein champ,,,,a_revoir,t,ITAB Guides Légumes Bio (T1+T2) ; semencemag.fr (SNHF) ; Semailles densités semis,,,,,2026-05-15 14:00:05.379,"À VALIDER 2026-05-14 : cycle planté S49 → récolté S5 douteux pour patate douce (plante tropicale, besoin chaleur, récolte oct-nov en France).","Adapté climat France \\n Source: ITAB, Standard Climat France (Valable 2026)"
Persil,Persil,Apiaceae,Petroselinum crispum,Plein champ,10,,,,21,,20,,84,3,18,27,,Plein champ,,,,a_revoir,t,ITAB Guides Légumes Bio (T1+T2) ; semencemag.fr (SNHF) ; Semailles densités semis,,,,,2026-05-15 14:00:05.379,"Aromatique semis direct ou godet. Sol drainé, exposition ensoleillée. Récolte échelonnée des feuilles fraîches.","Adapté climat France \\n Source: ITAB, Standard Climat France (Valable 2026)"
Petit-pois-printemps,Petit pois,Fabaceae,Pisum sativum,Plein champ,10,,,,22,,4,,84,3,15,22,50,Plein champ,,,,a_revoir,t,ITAB Guides Légumes Bio (T1+T2) ; semencemag.fr (SNHF) ; Semailles densités semis,,,,,2026-05-15 14:00:05.379,"Semis direct dense, tuteurer les variétés grimpantes. Fixateur d'azote — bénéfique en rotation après légume-feuille.","Adapté climat France \\n Source: ITAB, Standard Climat France (Valable 2026)"
EV-Phacelie-automne,Phacélie,Hydrophyllaceae,,,32,,,,44,,4,,84,2,30,45,1,Plein champ,,,,a_revoir,t,ITAB Guides Légumes Bio (T1+T2) ; semencemag.fr (SNHF) ; Semailles densités semis,,,,,2026-05-15 14:00:05.379,Engrais vert / couvre-sol — semis direct à la volée puis enfouissement avant montée à graines. Améliore la structure du sol.,"Adapté climat France \\n Source: ITAB, Standard Climat France (Valable 2026)"
Physalis,Physalis,Solanaceae,,Plein champ,10,14,,,22,,4,,84,2,30,45,,Plein champ,,,,a_revoir,t,ITAB Guides Légumes Bio (T1+T2) ; semencemag.fr (SNHF) ; Semailles densités semis,,,,,2026-05-15 14:00:05.379,"Plant repiqué après gelées. Sol > 18 °C, exposition plein sud. Tuteur recommandé pour variétés à gros fruits.","Adapté climat France \\n Source: ITAB, Standard Climat France (Valable 2026)"
Piment antillais — antilles,Piment antillais,Solanaceae,Capsicum chinense,,,6,,,24,,20,,120,,60,,,,,tropical_antilles,,a_revoir,t,,,,,,,"","Semis en pépinière en carême (février), repiquage après les premières pluies ; production longue s'étendant sur l'hivernage et au-delà. Surveiller mouches des fruits et anthracnose en saison humide."
Piment antillais — equatorial,Piment antillais,Solanaceae,Capsicum chinense,,,12,,,25,,30,,100,,60,,,,,equatorial,,a_revoir,t,,,,,,,"","Semis en pépinière en février, repiquage vers mars sur sol drainant ; récolte étalée à partir de mai et sur plus de six mois, la plante restant productive plusieurs saisons. Surveiller la mouche des fruits et les puceron"
Poireau-automne,Poireau,Alliaceae,Allium porrum,Plein champ,31,35,,,43,,4,,84,2,20,30,,Plein champ,,,,a_revoir,t,ITAB Guides Légumes Bio (T1+T2) ; semencemag.fr (SNHF) ; Semailles densités semis,,,,,2026-05-15 14:00:05.379,Plant repiqué en pépinière 6-8 semaines puis transplanté. Buttage régulier pour blanchir le fût.,"Adapté climat France \\n Source: ITAB, Standard Climat France (Valable 2026)"
Poireau-printemps,Poireau,Alliaceae,Allium porrum,,8,12,,,20,,4,,84,2,20,30,,Plein champ,,,,a_revoir,t,ITAB Guides Légumes Bio (T1+T2) ; semencemag.fr (SNHF) ; Semailles densités semis,,,,,2026-05-15 14:00:05.379,Plant repiqué en pépinière 6-8 semaines puis transplanté. Buttage régulier pour blanchir le fût.,"Adapté climat France \\n Source: ITAB, Standard Climat France (Valable 2026)"
Poireau-printemps-precoce,Poireau,Alliaceae,Allium porrum,Plein champ,7,11,,,19,,4,,84,2,20,30,,Plein champ,,,,a_revoir,t,ITAB Guides Légumes Bio (T1+T2) ; semencemag.fr (SNHF) ; Semailles densités semis,,,,,2026-05-15 14:00:05.379,Plant repiqué en pépinière 6-8 semaines puis transplanté. Buttage régulier pour blanchir le fût.,"Adapté climat France \\n Source: ITAB, Standard Climat France (Valable 2026)"
Poireau-printemps-tardive,Poireau,Alliaceae,Allium porrum,Plein champ,12,16,,,24,,4,,84,2,20,30,,Plein champ,,,,a_revoir,t,ITAB Guides Légumes Bio (T1+T2) ; semencemag.fr (SNHF) ; Semailles densités semis,,,,,2026-05-15 14:00:05.379,Plant repiqué en pépinière 6-8 semaines puis transplanté. Buttage régulier pour blanchir le fût.,"Adapté climat France \\n Source: ITAB, Standard Climat France (Valable 2026)"
Pois-hiver,Pois,Fabaceae,Pisum sativum,Plein champ,42,,,,2,,4,,84,3,15,22,50,Plein champ,,,,a_revoir,t,ITAB Guides Légumes Bio (T1+T2) ; semencemag.fr (SNHF) ; Semailles densités semis,,,,,2026-05-15 14:00:05.379,"Corrigé 2026-05-14 (audit Marc) : récolte était S2, aberrant. Pois d'hiver semés oct → récolte avril-mai (variétés 'Iris', 'Douce Provence').","Adapté climat France \\n Source: ITAB, Standard Climat France (Valable 2026)"
Pois-printemps,Pois,Fabaceae,Pisum sativum,Plein champ,7,,,,19,,4,,84,3,15,22,50,Plein champ,,,,a_revoir,t,ITAB Guides Légumes Bio (T1+T2) ; semencemag.fr (SNHF) ; Semailles densités semis,,,,,2026-05-15 14:00:05.379,"Semis direct dense, tuteurer les variétés grimpantes. Fixateur d'azote — bénéfique en rotation après légume-feuille.","Adapté climat France \\n Source: ITAB, Standard Climat France (Valable 2026)"
Pois d'Angole — antilles,Pois d'Angole,Fabaceae,Cajanus cajan,,,26,,,2,,8,,200,,100,,,,,tropical_antilles,,a_revoir,t,,,,,,,"","Semis en hivernage (juillet) pour un développement végétatif sous les pluies ; floraison et gousses en carême (récolte de Noël/janvier, période traditionnelle). Légumineuse fixatrice, peu exigeante, idéale en bordure et "
Pois d'Angole — austral,Pois d'Angole,Fabaceae,Cajanus cajan,,,48,,,24,,10,,180,,100,,,,,tropical_austral,,a_revoir,t,,,,,,,"",Semis en été austral (novembre-décembre). Floraison en jours courts : récolte des pois frais en hiver austral (juin-août). Légumineuse qui enrichit le sol et sert de haie/brise-vent. Rabattre après récolte pour relancer
Pois d'Angole — equatorial,Pois d'Angole,Fabaceae,Cajanus cajan,,,48,,,30,,12,,230,,100,,,,,equatorial,,a_revoir,t,,,,,,,"","Semis au retour des pluies (décembre) ; floraison puis récolte des gousses vertes vers juillet-août, la maturation des graines profitant du temps plus sec. Rustique, tolère la sécheresse et les sols pauvres ; peut être r"
Poivron-printemps,Poivron,Solanaceae,Capsicum annuum,,6,10,,,18,,4,,84,1,57,85,,Plein champ,,,,a_revoir,t,ITAB Guides Légumes Bio (T1+T2) ; semencemag.fr (SNHF) ; Semailles densités semis,,,,,2026-05-15 14:00:05.379,"Plant repiqué après gelées. Sol > 18 °C, exposition plein sud. Tuteur recommandé pour variétés à gros fruits.","Adapté climat France \\n Source: ITAB, Standard Climat France (Valable 2026)"
Poivron-printemps-serre,Poivron,Solanaceae,Capsicum annuum,Sous abri,6,10,,,18,,4,28,84,1,57,85,,Sous abri,,,,a_revoir,t,ITAB Guides Légumes Bio (T1+T2) ; semencemag.fr (SNHF) ; Semailles densités semis,,,,,2026-05-15 14:00:05.379,"Plant repiqué après gelées. Sol > 18 °C, exposition plein sud. Tuteur recommandé pour variétés à gros fruits.","Adapté climat France \\n Source: ITAB, Standard Climat France (Valable 2026)"
Poivron-piment-printemps,Poivron piment,Solanaceae,,Plein champ,10,14,,,22,,4,,84,1,50,75,,Plein champ,,,,a_revoir,t,ITAB Guides Légumes Bio (T1+T2) ; semencemag.fr (SNHF) ; Semailles densités semis,,,,,2026-05-15 14:00:05.379,"Plant repiqué après gelées. Sol > 18 °C, exposition plein sud. Tuteur recommandé pour variétés à gros fruits.","Adapté climat France \\n Source: ITAB, Standard Climat France (Valable 2026)"
Poivron-piment-printemps-serre,Poivron piment,Solanaceae,,Sous abri,7,11,,,19,,4,28,84,1,50,75,,Sous abri,,,,a_revoir,t,ITAB Guides Légumes Bio (T1+T2) ; semencemag.fr (SNHF) ; Semailles densités semis,,,,,2026-05-15 14:00:05.379,"Plant repiqué après gelées. Sol > 18 °C, exposition plein sud. Tuteur recommandé pour variétés à gros fruits.","Adapté climat France \\n Source: ITAB, Standard Climat France (Valable 2026)"
Pomme-de-terre-ete,Pomme de terre,Solanaceae,Solanum tuberosum,Plein champ,16,20,,,28,,4,,84,1,44,66,150,Plein champ,,,,a_revoir,t,ITAB Guides Légumes Bio (T1+T2) ; semencemag.fr (SNHF) ; Semailles densités semis,,,,,2026-05-15 14:00:05.379,"Plantation des tubercules à 10 cm de profondeur, en lignes espacées de 70 cm. Buttage à 30 cm de hauteur.","Adapté climat France \\n Source: ITAB, Standard Climat France (Valable 2026)"
Pomme-de-terre-printemps-hative,Pomme de terre,Solanaceae,Solanum tuberosum,Plein champ,12,16,,,24,,4,,84,1,44,66,150,Plein champ,,,,a_revoir,t,ITAB Guides Légumes Bio (T1+T2) ; semencemag.fr (SNHF) ; Semailles densités semis,,,,,2026-05-15 14:00:05.379,"Plantation des tubercules à 10 cm de profondeur, en lignes espacées de 70 cm. Buttage à 30 cm de hauteur.","Adapté climat France \\n Source: ITAB, Standard Climat France (Valable 2026)"
Potimarron,Potimarron,Cucurbitaceae,Cucurbita maxima,,16,20,,,28,,4,,84,2,30,45,,Plein champ,,,,a_revoir,t,ITAB Guides Légumes Bio (T1+T2) ; semencemag.fr (SNHF) ; Semailles densités semis,,,,,2026-05-15 14:00:05.379,"Semis sous abri 6-8 semaines avant plantation. Sol > 18 °C, paillage chaud (BRF, plastique noir). Sensible au mildiou.","Adapté climat France \\n Source: ITAB, Standard Climat France (Valable 2026)"
Potiron,Potiron,Cucurbitaceae,Cucurbita pepo,Plein champ,16,20,,,28,,4,,84,1,141,211,,Plein champ,,,,a_revoir,t,ITAB Guides Légumes Bio (T1+T2) ; semencemag.fr (SNHF) ; Semailles densités semis,,,,,2026-05-15 14:00:05.379,"Semis sous abri 6-8 semaines avant plantation. Sol > 18 °C, paillage chaud (BRF, plastique noir). Sensible au mildiou.","Adapté climat France \\n Source: ITAB, Standard Climat France (Valable 2026)"
Radis-automne,Radis,Brassicaceae,Raphanus sativus,Plein champ,32,,,,40,,4,,56,3,11,16,10,Plein champ,,,,a_revoir,t,ITAB Guides Légumes Bio (T1+T2) ; semencemag.fr (SNHF) ; Semailles densités semis,,,,,2026-05-15 14:00:05.379,Semis échelonné toutes les 2 semaines pour étaler la récolte. Sol frais et drainé.,"Adapté climat France \\n Source: ITAB, Standard Climat France (Valable 2026)"
Radis-ete,Radis,Brassicaceae,Raphanus sativus,Plein champ,18,,,,26,,4,,56,3,11,16,10,Plein champ,,,,a_revoir,t,ITAB Guides Légumes Bio (T1+T2) ; semencemag.fr (SNHF) ; Semailles densités semis,,,,,2026-05-15 14:00:05.379,Semis échelonné toutes les 2 semaines pour étaler la récolte. Sol frais et drainé.,"Adapté climat France \\n Source: ITAB, Standard Climat France (Valable 2026)"
Radis-printemps,Radis,Brassicaceae,Raphanus sativus,Plein champ,12,,,,20,,4,,56,3,11,16,10,Plein champ,,,,a_revoir,t,ITAB Guides Légumes Bio (T1+T2) ; semencemag.fr (SNHF) ; Semailles densités semis,,,,,2026-05-15 14:00:05.379,Semis échelonné toutes les 2 semaines pour étaler la récolte. Sol frais et drainé.,"Adapté climat France \\n Source: ITAB, Standard Climat France (Valable 2026)"
Radis-printemps-serre,Radis,Brassicaceae,Raphanus sativus,Sous abri,10,,,,18,,4,,56,3,11,16,10,Plein champ,,,,a_revoir,t,ITAB Guides Légumes Bio (T1+T2) ; semencemag.fr (SNHF) ; Semailles densités semis,,,,,2026-05-15 14:00:05.379,Semis échelonné toutes les 2 semaines pour étaler la récolte. Sol frais et drainé.,"Adapté climat France \\n Source: ITAB, Standard Climat France (Valable 2026)"
Radis-noir-automne,Radis noir,Brassicaceae,,Plein champ,31,,,,39,,4,,56,2,22,33,10,Plein champ,,,,a_revoir,t,ITAB Guides Légumes Bio (T1+T2) ; semencemag.fr (SNHF) ; Semailles densités semis,,,,,2026-05-15 14:00:05.379,Semis échelonné toutes les 2 semaines pour étaler la récolte. Sol frais et drainé.,"Adapté climat France \\n Source: ITAB, Standard Climat France (Valable 2026)"
Ramboutan — equatorial,Ramboutan,Sapindaceae,Nephelium lappaceum,,,15,,,48,,10,,1460,,900,,,,,equatorial,,a_revoir,t,,,,,,,"","Contrairement au letchi et au longane, qui exigent un hiver frais et sec (absent en Guyane) pour fleurir, le ramboutan est un vrai équatorial qui fructifie sans froid : c'est LE Sapindaceae à privilégier ici. Récolte pri"
Ricin,Ricin,Euphorbiaceae,Ricinus communis,,10,14,,,22,,4,,84,1,100,150,,Plein champ,,,,a_revoir,t,ITAB Guides Légumes Bio (T1+T2) ; semencemag.fr (SNHF) ; Semailles densités semis,,,,,2026-05-15 14:00:05.379,Plante toxique (ricine) — usage uniquement ornemental ou comme répulsif. NE PAS consommer ni laisser à portée d'enfants.,"Adapté climat France \\n Source: ITAB, Standard Climat France (Valable 2026)"
Roquette,Roquette,Brassicaceae,Eruca sativa,Plein champ,10,,,,22,,4,,84,3,14,21,2,Plein champ,,,,a_revoir,t,ITAB Guides Légumes Bio (T1+T2) ; semencemag.fr (SNHF) ; Semailles densités semis,,,,,2026-05-15 14:00:05.379,Semis échelonné toutes les 2 semaines pour étaler la récolte. Sol frais et drainé.,"Adapté climat France \\n Source: ITAB, Standard Climat France (Valable 2026)"
Salsifis,Salsifis,Asteraceae,,Plein champ,12,,,,24,,4,,84,2,22,33,5,Plein champ,,,,a_revoir,t,ITAB Guides Légumes Bio (T1+T2) ; semencemag.fr (SNHF) ; Semailles densités semis,,,,,2026-05-15 14:00:05.379,Semis direct uniquement (la racine pivot ne supporte pas le repiquage). Éclaircir à 5 cm sur le rang à 4 vraies feuilles.,"Adapté climat France \\n Source: ITAB, Standard Climat France (Valable 2026)"
Sarriette,Sarriette,Lamiaceae,Satureja hortensis,Sous abri,12,16,,,24,,4,28,84,2,31,46,,Sous abri,,,,a_revoir,t,ITAB Guides Légumes Bio (T1+T2) ; semencemag.fr (SNHF) ; Semailles densités semis,,,,,2026-05-15 14:00:05.379,"Aromatique semis direct ou godet. Sol drainé, exposition ensoleillée. Récolte échelonnée des feuilles fraîches.","Adapté climat France \\n Source: ITAB, Standard Climat France (Valable 2026)"
Souci-automne,Souci,Asteraceae,Calendula officinalis,,36,,,,48,,4,,84,2,31,46,,Plein champ,,,,a_revoir,t,ITAB Guides Légumes Bio (T1+T2) ; semencemag.fr (SNHF) ; Semailles densités semis,,,,,2026-05-15 14:00:05.379,"Fleur compagne — semis direct ou godet selon espèce. Attire les pollinisateurs, fait office de plante-piège pour les pucerons.","Adapté climat France \\n Source: ITAB, Standard Climat France (Valable 2026)"
Souci-printemps,Souci,Asteraceae,Calendula officinalis,,9,,,,21,,4,,84,2,31,46,,Plein champ,,,,a_revoir,t,ITAB Guides Légumes Bio (T1+T2) ; semencemag.fr (SNHF) ; Semailles densités semis,,,,,2026-05-15 14:00:05.379,"Fleur compagne — semis direct ou godet selon espèce. Attire les pollinisateurs, fait office de plante-piège pour les pucerons.","Adapté climat France \\n Source: ITAB, Standard Climat France (Valable 2026)"
Tagetes,Tagètes,Asteraceae,Tagetes spp.,,14,,,,26,,4,,84,2,30,45,,Plein champ,,,,a_revoir,t,ITAB Guides Légumes Bio (T1+T2) ; semencemag.fr (SNHF) ; Semailles densités semis,,,,,2026-05-15 14:00:05.379,"Fleur compagne — semis direct ou godet selon espèce. Attire les pollinisateurs, fait office de plante-piège pour les pucerons.","Adapté climat France \\n Source: ITAB, Standard Climat France (Valable 2026)"
Tamarinier — antilles,Tamarinier,Fabaceae,Tamarindus indica,,,25,,,8,,10,,1460,,1100,,,,,tropical_antilles,,a_revoir,t,,,,,,,"","Arbre rustique très tolérant à la sécheresse, adapté aux zones sèches sous le vent (Grande-Terre, sud Martinique). Récolte des gousses mûres en plein carême (février-avril, S6-17). Croissance lente. Plantation début hive"
Tomate-automne-tardive,Tomate,Solanaceae,Solanum lycopersicum,Plein champ,16,22,,,38,,4,,112,1,63,94,,Plein champ,,,,a_revoir,t,ITAB Guides Légumes Bio (T1+T2) ; semencemag.fr (SNHF) ; Semailles densités semis,,,,,2026-05-15 14:00:05.379,"Plant repiqué après dernières gelées (10-15 mai en climat tempéré). Tuteur ou ficelle requis, suppression des gourmands.","Adapté climat France \\n Source: ITAB, Standard Climat France (Valable 2026)"
Tomate-printemps,Tomate,Solanaceae,Solanum lycopersicum,Plein champ,10,20,,,30,,4,,70,1,63,94,,Plein champ,,,,a_revoir,t,ITAB Guides Légumes Bio (T1+T2) ; semencemag.fr (SNHF) ; Semailles densités semis,,,,,2026-05-15 14:00:05.379,"Plant repiqué après dernières gelées (10-15 mai en climat tempéré). Tuteur ou ficelle requis, suppression des gourmands.","Adapté climat France \\n Source: ITAB, Standard Climat France (Valable 2026)"
Tomate-printemps-hative,Tomate,Solanaceae,Solanum lycopersicum,Plein champ,8,18,,,28,,4,,70,1,63,94,,Plein champ,,,,a_revoir,t,ITAB Guides Légumes Bio (T1+T2) ; semencemag.fr (SNHF) ; Semailles densités semis,,,,,2026-05-15 14:00:05.379,"Plant repiqué après dernières gelées (10-15 mai en climat tempéré). Tuteur ou ficelle requis, suppression des gourmands.","Adapté climat France \\n Source: ITAB, Standard Climat France (Valable 2026)"
Tomate-printemps-hative-serre,Tomate,Solanaceae,Solanum lycopersicum,Sous abri,7,11,,,27,,4,28,140,1,63,94,,Sous abri,,,,a_revoir,t,ITAB Guides Légumes Bio (T1+T2) ; semencemag.fr (SNHF) ; Semailles densités semis,,,,,2026-05-15 14:00:05.379,"Plant repiqué après dernières gelées (10-15 mai en climat tempéré). Tuteur ou ficelle requis, suppression des gourmands.","Adapté climat France \\n Source: ITAB, Standard Climat France (Valable 2026)"
Topinambour,Topinambour,Asteraceae,,Plein champ,12,16,,,24,,4,,84,1,50,75,50,Plein champ,,,,a_revoir,t,ITAB Guides Légumes Bio (T1+T2) ; semencemag.fr (SNHF) ; Semailles densités semis,,,,,2026-05-15 14:00:05.379,"Plantation des tubercules à 10 cm de profondeur, en lignes espacées de 70 cm. Buttage à 30 cm de hauteur.","Adapté climat France \\n Source: ITAB, Standard Climat France (Valable 2026)"
Tournesol,Tournesol,Asteraceae,Helianthus annuus,,19,,,,31,,4,,84,2,40,60,,Plein champ,,,,a_revoir,t,ITAB Guides Légumes Bio (T1+T2) ; semencemag.fr (SNHF) ; Semailles densités semis,,,,,2026-05-15 14:00:05.379,Semis direct en lignes espacées 70-80 cm. Plante exigeante en eau et azote — bon précédent pour Brassicacées.,"Adapté climat France \\n Source: ITAB, Standard Climat France (Valable 2026)"
Vanille — austral,Vanille,Orchidaceae,Vanilla planifolia,,,40,,,26,,8,,1095,,150,,,,,tropical_austral,,a_revoir,t,,,,,,,"","Rendement en gousses vertes par liane. Bouturage au retour des pluies (oct.-nov.), floraison au printemps austral (sept.-nov.) à polliniser à la main, gousses vertes récoltées ~8-9 mois plus tard en hiver austral (juin-a"
Echalote,Échalote,Alliaceae,Allium cepa Aggregatum,,12,16,,,24,,4,,84,2,22,33,50,Plein champ,,,,a_revoir,t,ITAB Guides Légumes Bio (T1+T2) ; semencemag.fr (SNHF) ; Semailles densités semis,,,,,2026-05-15 14:00:05.379,"Caïeux en automne (pour la sortie d'été) ou au printemps (récolte décalée). Sol drainé, éviter excès d'eau.","Adapté climat France \\n Source: ITAB, Standard Climat France (Valable 2026)"
Épinard-automne,Épinard,Amaranthaceae,Spinacia oleracea,Plein champ,33,,,,41,,4,,56,3,15,22,30,Plein champ,,,,a_revoir,t,ITAB Guides Légumes Bio (T1+T2) ; semencemag.fr (SNHF) ; Semailles densités semis,,,,,2026-05-15 14:00:05.379,Semis échelonné toutes les 2 semaines pour étaler la récolte. Sol frais et drainé.,"Adapté climat France \\n Source: ITAB, Standard Climat France (Valable 2026)"
Épinard-printemps,Épinard,Amaranthaceae,Spinacia oleracea,Plein champ,7,,,,15,,4,,56,3,15,22,30,Plein champ,,,,a_revoir,t,ITAB Guides Légumes Bio (T1+T2) ; semencemag.fr (SNHF) ; Semailles densités semis,,,,,2026-05-15 14:00:05.379,Semis échelonné toutes les 2 semaines pour étaler la récolte. Sol frais et drainé.,"Adapté climat France \\n Source: ITAB, Standard Climat France (Valable 2026)"
Épinard-été,Épinard,Amaranthaceae,Spinacia oleracea,Plein champ,14,,,,22,,4,,56,3,15,22,30,Plein champ,,,,a_revoir,t,ITAB Guides Légumes Bio (T1+T2) ; semencemag.fr (SNHF) ; Semailles densités semis,,,,,2026-05-15 14:00:05.379,Semis échelonné toutes les 2 semaines pour étaler la récolte. Sol frais et drainé.,"Adapté climat France \\n Source: ITAB, Standard Climat France (Valable 2026)"
Épinard pays (amarante) — equatorial,Épinard pays (amarante),Amaranthaceae,Amaranthus dubius,,4,4,,,10,,6,,40,,25,,,,,equatorial,,a_revoir,t,,,,,,,"","Semis échelonnés possibles toute l'année ; en pleine saison des pluies, préférer des planches surélevées pour éviter la fonte des semis. Croissance très rapide sous la chaleur équatoriale. Surveiller les chenilles défoli"
